CREATE TABLE `aboutus` (
  `ID` bigint(255) NOT NULL AUTO_INCREMENT,
  `details` mediumtext COLLATE utf8_bin NOT NULL,
  PRIMARY KEY (`ID`)
) ENGINE=MyISAM AUTO_INCREMENT=2 DEFAULT CHARSET=utf8 COLLATE=utf8_bin;
INSERT INTO `aboutus` (`ID`, `details`) VALUES 
	(1, '<h2 dir=\"rtl\"><strong><span style=\"font-size: medium;\">?????±???? ?????????????„ ?„?????‚ ?§?„?…???????…?„ ?‡?? ?????§?±?© ???† ?…???‚?? ?¬?§?‡?? ???…???®?µ?µ ???‰ ?§?„?§???„?§?†?§?? ?§?„?…???????© ?§?„?…?¬?§?†???© ???… ???µ?…???…?‡ ?????±?…?¬???‡ ?…?† ???±???© ?¬?±???† ?§?‰ ???‰ ?„?????†???„???¬???§ ?§?„?…???„???…?§??</span></strong></h2>\r\n<p dir=\"rtl\"><strong><span style=\"font-size: medium;\">?„?·?„?? ?§?„?§?????±???? ???±?¬?‰ ?§?„?????§?µ?„ ?…???†?§ ???„?‰ ?§?„?§???…???„ ?§?„???§?„?‰</span></strong></p>\r\n<p dir=\"rtl\"><strong><span style=\"font-size: medium;\">greeniteg@yahoo.com</span></strong></p>\r\n<p dir=\"rtl\"><strong><span style=\"font-size: medium;\">?????±???? ?§???„?§?†?§?? , ?????±???? ?§?„?????„?§?†?§?? ?§?„?…???????© , ?????±???? ?????????????„ , ?????±???? ???‰ ?????????????„ , ?????±???? ?§???„?§?†?§?? ?…???????© , ?????±???? ?§???„?§?†?§?? ?…?¬?§?†???© , ?????±???? ?…???????© , ?????±???? ?????????????„ ?„?„?§???„?§?†?§?? , ?????±???? ?…???‚?? ?????????????„ , ?¬?±???† ?§?‰ ???‰ , ???±???© ?¬?±???† ?§?‰ ???‰ , greeniteg , green it egypt , greenitegypt</span></strong></p>');

CREATE TABLE `admin` (
  `ID` bigint(255) NOT NULL AUTO_INCREMENT,
  `admin_name` varchar(1000) COLLATE utf8_bin NOT NULL,
  `username` varchar(1000) COLLATE utf8_bin NOT NULL,
  `password` varchar(1000) COLLATE utf8_bin NOT NULL,
  PRIMARY KEY (`ID`)
) ENGINE=MyISAM AUTO_INCREMENT=4 DEFAULT CHARSET=utf8 COLLATE=utf8_bin;
INSERT INTO `admin` (`ID`, `admin_name`, `username`, `password`) VALUES 
	(1, 'dubizzleadmin', 'dubizzleadmin', 'admin123')
	,(3, 'a', 'a', 'a');

CREATE TABLE `ads` (
  `ID` bigint(255) NOT NULL AUTO_INCREMENT,
  `address` varchar(500) COLLATE utf8_bin NOT NULL,
  `descrip` varchar(500) COLLATE utf8_bin NOT NULL,
  `details` varchar(5000) COLLATE utf8_bin NOT NULL,
  `price` varchar(255) COLLATE utf8_bin NOT NULL,
  `city_id` int(255) NOT NULL,
  `city_address` varchar(1000) COLLATE utf8_bin NOT NULL,
  `objective_id` int(255) NOT NULL,
  `objective_address` varchar(1000) COLLATE utf8_bin NOT NULL,
  `owner` varchar(1000) COLLATE utf8_bin NOT NULL,
  `tel` varchar(300) COLLATE utf8_bin NOT NULL,
  `mobil` varchar(500) COLLATE utf8_bin NOT NULL,
  `email` varchar(500) COLLATE utf8_bin NOT NULL,
  `ImagePath` varchar(500) COLLATE utf8_bin NOT NULL,
  `catb_id` int(255) NOT NULL,
  `catb_address` varchar(1000) COLLATE utf8_bin NOT NULL,
  `cata_id` int(255) NOT NULL,
  `cata_address` varchar(1000) COLLATE utf8_bin NOT NULL,
  `show_number` varchar(200) COLLATE utf8_bin NOT NULL,
  `ads_type` varchar(1000) COLLATE utf8_bin NOT NULL,
  `ads_date` varchar(200) COLLATE utf8_bin NOT NULL,
  `ads_time` varchar(255) COLLATE utf8_bin NOT NULL,
  `currency_id` int(255) NOT NULL,
  `currency_address` varchar(1000) COLLATE utf8_bin NOT NULL,
  `country_id` int(255) NOT NULL,
  `country_address` varchar(1000) COLLATE utf8_bin NOT NULL,
  `status` varchar(500) COLLATE utf8_bin NOT NULL,
  PRIMARY KEY (`ID`)
) ENGINE=MyISAM AUTO_INCREMENT=148 DEFAULT CHARSET=utf8 COLLATE=utf8_bin;
INSERT INTO `ads` (`ID`, `address`, `descrip`, `details`, `price`, `city_id`, `city_address`, `objective_id`, `objective_address`, `owner`, `tel`, `mobil`, `email`, `ImagePath`, `catb_id`, `catb_address`, `cata_id`, `cata_address`, `show_number`, `ads_type`, `ads_date`, `ads_time`, `currency_id`, `currency_address`, `country_id`, `country_address`, `status`) VALUES 
	(131, '?§???????±?§ ?®?„???¬?‰ ???§?±?? ?????‰ 2008 ???­?§?„?© ?¬?????©', '?§???????±?§ ?®?„???¬?‰ ???§?±?? ?????‰ 2008 ???­?§?„?© ?¬?????©', '?§???????±?§ ?®?„???¬?‰ ???§?±?? ?????‰ 2008 ???­?§?„?© ?¬?????©\r\n', '95,000', 1, '?§?„?‚?§?‡?±?©', 1, '?…???±???¶ (?„?„??????)', '?…?­?…?? ?????? ?§?„?????§?­', 01227254046, 01227254046, 'ray_m78@yahoo.com', 'SystemImages/131_main.jpeg', 1, '???????±???„???‡', 20, '?????§?±?§??', 0, NULL, '2015-03-19', '9:35', 1, '?¬?†???‡ ?…?µ?±?‰', 1, '?…?µ?±', '?…???§???‚?©')
	,(130, '?????? ?????§?±?© ?§???????±?§ 2008', '???§???±?????© ?????§?®?„ ???§?„???§?…?„ ?±???© ???±?© ?????§ ?§?„???‚?? ?????? ?? ???????± ?????????? ?????„?§???±', '???§???±?????© ?????§?®?„ ???§?„???§?…?„ ?±???© ???±?© ?????§ ?§?„???‚?? ?????? ?? ???????± ?????????? ?????„?§???± ?? ?????¬???‡?§?? ?? ???·?§?±???© ?? ?????? (2 ???§???????? ?…?† 6000 ???… ) ???„?© ?¬?????? ?…?§?????± ?? ???????? ???­?§?„?© ?…?…???§???© ?±?®?µ?© ?­???‰ ???‡?± 11 ?? ???­?µ 2016 . ???‡?§ 2 ?????????„ . ?§?±?¬?? ?§?­?¶?§?± ???†?‰ ?„?„?…???§???†?© . ?????§???¶ ???????· ?????? ?§?„?…???§???†?© . ?„?§ ?„?„???¬?§?§?§?§?§?§?§?±', '77,000', 1, '?§?„?‚?§?‡?±?©', 1, '?…???±???¶ (?„?„??????)', '?…?­?…?? ?????? ?§?„?????§?­', 01227254046, 01227254046, 'ray_m78@yahoo.com', 'SystemImages/130_main.jpeg', 1, '???????±???„???‡', 20, '?????§?±?§??', 0, NULL, '2015-03-19', '9:34', 1, '?¬?†???‡ ?…?µ?±?‰', 1, '?…?µ?±', '?…???§???‚?©')
	,(128, '???±?????© ???§?…?„?© ???§???±???± ?…?† ?§?„???§?®?„ ???§?„?®?§?±?¬ ???????±???„???‡', '???±?????© ???§?…?„?© ???§???±???± ?…?† ?§?„???§?®?„ ???§?„?®?§?±?¬ ?±???© ?…?† ?§?„?®?„??', '???±?????© ???§?…?„?© ???§???±???± ?…?† ?§?„???§?®?„ ???§?„?®?§?±?¬ ?±???© ?…?† ?§?„?®?„?? ?§?µ?????§?… ?®?????? ???­?§?„?© ?…?…???§???©\r\n', NULL, 1, '?§?„?‚?§?‡?±?©', 1, '?…???±???¶ (?„?„??????)', '?…?­?…?? ?????? ?§?„?????§?­', 01227254046, 01227254046, 'ray_m78@yahoo.com', 'SystemImages/128_main.jpeg', 1, '???????±???„???‡', 20, '?????§?±?§??', 0, NULL, '2015-03-19', '9:31', 1, '?¬?†???‡ ?…?µ?±?‰', 1, '?…?µ?±', '?…???§???‚?©')
	,(129, 'Aveo 2011 , ?§???„ ???? ?…?† ?§?„?????±?? ???§?…?„?© ?§???????…?§????', '?§???„ ???? ?…?† ?§?„?????±?? ???§?…?„?© ?§???????…?§???? ?„?§ ???­???§?¬ ?§?‰ ?…?µ?§?±????', '?§???„ ???? ?…?† ?§?„?????±?? ???§?…?„?© ?§???????…?§???? ?„?§ ???­???§?¬ ?§?‰ ?…?µ?§?±???? , ?????±?????© ???§?„???§?…?„ ?…?§?????§ ?§?„?§???µ???§?… ?§?„?®?„???? \r\n?±?®?µ?© ?«?„?§?« ???†???§?? , ?¬?‡?§?? ?§?†?°?§?± , ???­???§?? ?±???? , CD ,?§???????…?§?????? ', '85,000', 1, '?§?„?‚?§?‡?±?©', 1, '?…???±???¶ (?„?„??????)', '?…?­?…?? ?????? ?§?„?????§?­', 01227254046, 01227254046, 'ray_m78@yahoo.com', 'SystemImages/129_main.jpeg', 1, '???????±???„???‡', 20, '?????§?±?§??', 0, NULL, '2015-03-19', '9:33', 1, '?¬?†???‡ ?…?µ?±?‰', 1, '?…?µ?±', '?…???§???‚?©')
	,(127, '???±???? ?…???????„ 2011 ?????±?? ?§???„ ???¦?‡', '?§?„?„???† ?§??????. ?????±?????§ ???§?„???§?…?„ ?„?§ ?????¬?? ?§?? ???‡?§?†?§?? ?†?‡?§?¦??', '?§?„?„???† ?§??????. ?????±?????§ ???§?„???§?…?„ ?„?§ ?????¬?? ?§?? ???‡?§?†?§?? ?†?‡?§?¦??. ?¬?…???? ?§?„?µ???§?†?§?? ???§?„?????????„ ?????… ???…?„ ?µ???§?†?© 85 ?§?„?? ?????„?? . ?????± ?†?‡?§?¦??\r\n', '102,000', 2, '?§?„???????†???±???©', 1, '?…???±???¶ (?„?„??????)', '?…?­?…?? ?????? ?§?„?????§?­', 01227254046, 01227254046, 'ray_m78@yahoo.com', 'SystemImages/127_main.jpeg', 1, '???????±???„???‡', 20, '?????§?±?§??', 0, NULL, '2015-03-19', '9:29', 1, '?¬?†???‡ ?…?µ?±?‰', 1, '?…?µ?±', '?…???§???‚?©')
	,(125, '?§?…???„?? ???‚?© ???§?®?„ ???…?????†?? ???§?„???¬?…?? 140?…+?±?????? ', '?§?…???„?? ???‚?© ???§?®?„ ?§?±?‚?‰ ???…?????†?? ???§?„???¬?…?? ?§?„?®?§?…?? 140?… + ?±?????? 35?… (3???±??) ???…?‚???…15% ???‚???· ???????‡???„?§?? ???µ?„ 6 ???†???§?? ', '?§?…???„?? ???‚?© ???§?®?„ ?§?±?‚?‰ ???…?????†?? ???§?„???¬?…?? ?§?„?®?§?…?? 140?… + ?±?????? 35?… (3???±??) ???…?‚???…15% ???‚???· ???????‡???„?§?? ???µ?„ 6 ???†???§?? ???????????† ?????§?¦??\r\n???…?????†?? ???„?‰ ?§?„???§?¦?±?‰ ???‰ ?§?„???¬?…?? ?§?„?®?§?…?? ?®?„?? ???±?? ?§?„?¬???„?? ?? ???¬???§?± ?„???±???? ???±?????„?? ???§?„?‚?·?§?…???© ?‡?§??????\r\n?????·?‰ ?…???§?­?© 460 ?????§?† ?? ?‚?? ???§?‡?… ???¬???? ?§?„???¬?±?© ?§?„?…???­?¬?±?© ???? ?®?„?‚ ?…?†?§?® ?­?????? ?¬???§?§ ?„?„???…?????†?? ???‡?‰ ???‚?? ???„?? ?…???§?­?© 80 ?…???± ?…?…?§ ?¬???„?‡?§ ?†?‚?·?© ???¬?…?? ?„?????§?† ?§?„???…?????†?? ?­???« ???… ?§?†???§?? ?§?????± ???????? ?????±?? ?…???¬?????© ???§?„???¬?…?? ?­???„?‡?§ ???§?„?§?¶?§???© ?§?„?‰ ???¬???? ?†?§???‰ ?§?¬???…?§???‰ ???????? ?…?† ?­?…?§?…?§?? ?§?„?????§?­?© ?? ?…?†???¬?? ?µ?­?‰ ?…?…?§ ?????…?­ ?„?„?????§?† ???§?„?§?????¬?…?§?… ?? ?§?„?§?????±?®?§?? ?? ?‚?¶?§?? ???‚?? ?…?…???? ???§?„?§?¶?§???© ?§?„?‰ ?…?†?·?‚?© ???±?????‡???© ?„?„?§?·???§?„ ???¶?… ?­?…?§?… ?????§?­?© ?? ?????? ?…?† ?§?„?…?„?§???? ?§?„???????­?© ?? ?…?„?§???? ?§?„???†?? ?? ?§?„?§???????§?? ?? ?§?„???????? ?…?† ?§?„?…?·?§???… ?? ?§?„???§?????‡?§?? ?? ?????? ???????± ?…?† ?§?„?…???§?­?§?? ?§?„?®?¶?±?§?? ???? ?¬?…???? ?§?±?¬?§?? ?§?„???…?????†?? ..\r\n?§?…???„?? ???‚?© 140?… +?±?????? 35?… ?????????† ?…?† (3???±?? - 3?­?…?§?… - 3?‚?·?? ?±?????????† - ?…?·???® - ???±?§??) ???? ?§?„???¬?…?? ?§?„?®?§?…?? ???§?®?„ ???…?????†?? ?±?§?‚?? ???…?‚???… 15% ???????‡???„?§?? ?­???? 5 ???†???§?? ???????† ?????§?¦?? ..\r\n?§?? ?…?‚???… 25% ???????‡???„?§?? ?­???‰ 6 ???†???§?? ???????† ?????§?¦?? ..\r\n?§?„???‚?© ???·?„ ???„?? ?­?…?§?… ?????§?­?© ???…???§?­?§?? ?®?¶?±?§?? ?…?† ?§?„?±?????????† ???§?„?§?¶?§???© ?§?„?? ?????? ???§?±?? ?±?¦?????? ?…?† ?§?„???±?? ..\r\n?§?„?®???…?§?? ?§?„?…???¬?????© ???? ?§?„???…?????†?? :\r\n?????†?? ???§???± ?…???†?? ???„?? ?…???§?­?© 40 ?????§?† ???µ?…???… ???‡?? ?­?????? \r\n???„???? ?‡?§???? ?®?§?µ ???§?„?????„?§??\r\n???„???? ?‡?§???? ?®?§?µ ???§?„???…?§?±?§??\r\n?­?…?§?…?§?? ?????§?­?©\r\n???????? ?????±?? ???„?? ?…???§?­?© 9 ?????§?†\r\n?­?…?§?… ?????§?­?© ?…???·?? ?„?„???????§??\r\n???? ?…?±?????‰\r\n?§?†???±?†??\r\n?…???†?‰ ?…?§?±????\r\n', '7,100', 1, '?§?„?‚?§?‡?±?©', 1, '?…???±???¶ (?„?„??????)', '?…?­?…?? ?????? ?§?„?????§?­', 01227254046, 01227254046, 'ray_m78@yahoo.com', 'SystemImages/125_main.jpeg', 36, '???‚?‡ ?„?„??????', 23, '???‚?§?± ?„?„??????', 0, NULL, '2015-03-19', '8:55', 1, '?¬?†???‡ ?…?µ?±?‰', 1, '?…?µ?±', '?…???§???‚?©')
	,(126, '???????±???„???‡ ?§?????? 2007 ???§???±?????‡', '?§?????? 2007 ???§???±?????‡ ???±?‡ ???¬???‡ ?????????? ?????†???± ?????§???± ???¬?§?¬ ???‡?±???§??', '?§?????? 2007 ???§???±?????‡ ???±?‡ ???¬???‡ ?????????? ?????†???± ?????§???± ???¬?§?¬ ???‡?±???§??\r\n\r\n?­?§?„???‡?§ ?…?…???§???‡ ?…?? ?…?­???§?¬?‡ ?­?§?¬?‡ ???????‡?§ ?·?‚?… ?¬?†???· ???¤\r\n', '65,000', 1, '?§?„?‚?§?‡?±?©', 1, '?…???±???¶ (?„?„??????)', '?…?­?…?? ?????? ?§?„?????§?­', 01227254046, 01227254046, 'ray_m78@yahoo.com', 'SystemImages/126_main.jpeg', 1, '???????±???„???‡', 20, '?????§?±?§??', 0, NULL, '2015-03-19', '9:27', 1, '?¬?†???‡ ?…?µ?±?‰', 1, '?…?µ?±', '?…???§???‚?©')
	,(124, '???‚?© ?„?„?????? ???? 6 ???????????± 120?… ???? ?§?„?­?? ?§?„?±?§????', '?§?„?§?????„?§?… ?????±?‰ (?†?µ?? ?????·????) ?????????† ?…?† (3???±?? ?†???… - 2 ?­?…?§?… -?…?·???® - ???±?§?? )', '?§?„?§?????„?§?… ?????±?‰ (?†?µ?? ?????·????)\r\n?????????† ?…?† (3???±?? ?†???… - 2 ?­?…?§?… -?…?·???® - ???±?§?? )\r\n???±?®???µ ?…???§?†?? ?…???¬?„?© ???‡?± ???‚?§?±?? ?…?µ???? ?¬?±?§?¬', '342,000', 1, '?§?„?‚?§?‡?±?©', 1, '?…???±???¶ (?„?„??????)', '?…?­?…?? ?????? ?§?„?????§?­', 01227254046, 01227254046, 'ray_m78@yahoo.com', 'SystemImages/124_main.jpeg', 36, '???‚?‡ ?„?„??????', 23, '???‚?§?± ?„?„??????', 0, NULL, '2015-03-19', '8:54', 1, '?¬?†???‡ ?…?µ?±?‰', 1, '?…?µ?±', '?…???§???‚?©')
	,(122, '???‚?© ?„?„?????? ???§?„?????® ???§???? 185?…???±', '???‚?© 185 ?…???± ?????± ?§?±?¶?? ?…?±?????? ?…???‚?? ?…???…???? ???§?„?­?? 9 ???§?„?????® ???§????', '???‚?© 185 ?…???± ?????± ?§?±?¶?? ?…?±?????? ?…???‚?? ?…???…???? ???§?„?­?? 9 ???§?„?????® ???§???????„?? ???§?±?? ?±?¦?????? ???µ?„?­ ?…?‚?± ???±???© ?§?? ?????§???© ?§?? ?…?????? 3???±?? 2 ?­?…?§?… ?±?????????† 3 ?‚?·???© ?????·???? ???????± ?„?????? ?…?§???? ?§?„?­?…?§?… ???§?„?…?·???® ?§?????„?§?… ?????±?? ?„?„?§???????„?§?… 01225124050', '830,000', 2, '?§?„???????†???±???©', 1, '?…???±???¶ (?„?„??????)', '?…?­?…?? ?????? ?§?„?????§?­', 01227254046, 01227254046, 'ray_m78@yahoo.com', 'SystemImages/122_main.jpeg', 36, '???‚?‡ ?„?„??????', 23, '???‚?§?± ?„?„??????', 0, NULL, '2015-03-19', '8:51', 1, '?¬?†???‡ ?…?µ?±?‰', 1, '?…?µ?±', '?…???§???‚?©')
	,(123, '?§?…???„?? ???‚?© ?±?§?‚???© ???§?®?„ ???…?????†?? ???§?„???¬?…?? ?§?„?®?§?…?? ', '?????·?‰ ?…???§?­?© 460 ?????§?† ?? ?‚?? ???§?‡?… ???¬???? ?§?„???¬?±?© ?§?„?…???­?¬?±?© ???? ?®?„?‚ ?…?†?§?® ?­?????? ?¬???§?§', '?????·?‰ ?…???§?­?© 460 ?????§?† ?? ?‚?? ???§?‡?… ???¬???? ?§?„???¬?±?© ?§?„?…???­?¬?±?© ???? ?®?„?‚ ?…?†?§?® ?­?????? ?¬???§?§ ?„?„???…?????†?? ???‡?‰ ???‚?? ???„?? ?…???§?­?© 80 ?…???± ?…?…?§ ?¬???„?‡?§ ?†?‚?·?© ???¬?…?? ?„?????§?† ?§?„???…?????†?? ?­???« ???… ?§?†???§?? ?§?????± ???????? ?????±?? ?…???¬?????© ???§?„???¬?…?? ?­???„?‡?§ ???§?„?§?¶?§???© ?§?„?‰ ???¬???? ?†?§???‰ ?§?¬???…?§???‰ ???????? ?…?† ?­?…?§?…?§?? ?§?„?????§?­?© ?? ?…?†???¬?? ?µ?­?‰ ?…?…?§ ?????…?­ ?„?„?????§?† ???§?„?§?????¬?…?§?… ?? ?§?„?§?????±?®?§?? ?? ?‚?¶?§?? ???‚?? ?…?…???? ???§?„?§?¶?§???© ?§?„?‰ ?…?†?·?‚?© ???±?????‡???© ?„?„?§?·???§?„ ???¶?… ?­?…?§?… ?????§?­?© ?? ?????? ?…?† ?§?„?…?„?§???? ?§?„???????­?© ?? ?…?„?§???? ?§?„???†?? ?? ?§?„?§???????§?? ?? ?§?„???????? ?…?† ?§?„?…?·?§???… ?? ?§?„???§?????‡?§?? ?? ?????? ???????± ?…?† ?§?„?…???§?­?§?? ?§?„?®?¶?±?§?? ???? ?¬?…???? ?§?±?¬?§?? ?§?„???…?????†?? .. ?§?…???„?? ???‚?© ?±?§?‚???© ???§?®?„ ???…?????†?? ???§?„???¬?…?? ?§?„?®?§?…?? ???…???§?­?© 155?…+?­?????‚?© ?®?§?µ?© 87?… ???????‡???„?§?? ???µ?„ ?§?„?‰ 5???†???§?? ???§?‚?„ ?…?‚???… ?????‚?????· ?…?±???­ ???????† ?????§?¦??\r\n???…?????†?? ???„?‰ ?§?„???§?¦?±?‰ ???§?„???¬?…?? ?§?„?®?§?…?? ???¬???§?± ?§?„?‚?·?§?…???© ?‡?§?????? ?? ?„???±???? ???±?????„?‰ ?®?„?? ???±?? ?§?„?¬???„?? ..\r\n???‚?© ?????…?????†?? ???§?„???¬?…?? ?§?„?®?§?…?? ?…???§?­?© 155?… ???¬?§?±???† ?®?§?µ?© 87?… ( 2???±?? - 2?­?…?§?… - 2?‚?·?? ?±?????????† ) ..\r\n???·?„ ???„?? ?¬?§?±???† ???…???§?­?§?? ?®?¶?±?§?? ?? ?­?…?§?… ?????§?­?© ..\r\n?®???…?§?? : ???? ?…?±?????? - ?§???§?†?????± - ?§?…?† ???­?±?§???© - ?…???†?? ?…?§?±???? - ?…?„?§???? ?…???????­?© - ?§?†???±?†?? - ?­?…?§?… ?????§?­?© ?…???·?‰ ?„?„???????§?? ..\r\n', '7,100', 1, '?§?„?‚?§?‡?±?©', 1, '?…???±???¶ (?„?„??????)', '?…?­?…?? ?????? ?§?„?????§?­', 01227254046, 01227254046, 'ray_m78@yahoo.com', 'SystemImages/123_main.jpeg', 36, '???‚?‡ ?„?„??????', 23, '???‚?§?± ?„?„??????', 0, NULL, '2015-03-19', '8:52', 1, '?¬?†???‡ ?…?µ?±?‰', 1, '?…?µ?±', '?…???§???‚?©')
	,(120, '???‚?‡ ?…???±?????© ?„?„?§???¬?§?± ?§?„?????…?? ???§?„?§?????†???±???©', '???‚?© ?…???±?????© ?„?„?§???¬?§?± ?§?„?????…?‰ 2?­?¬?±?© ?? ?±???????????†, 120 ?…???± ', '???‚?© ?…???±?????© ?„?„?§???¬?§?± ?§?„?????…?‰ 2?­?¬?±?© ?? ?±???????????†, 120 ?…???± ,???±?†???‡ ???????±?©,???±?? ?…?…???§??,?§?„???‚?© ???„?‰ ?§?„???­?± ?…???§???±?‡ ?? ???±?‰ ?­???§?¦?‚ ?§?„?…?†?????©(?????? ?±?§?¦??),???…?§?±?© ???®?…?‡(2 ?????§?†?????±),?…???§?† ?§?†?????§?± ?„?„?????§?±?©,200 ?????…???§', 200, 2, '?§?„???????†???±???©', 1, '?…???±???¶ (?„?„??????)', '?…?­?…?? ?????? ?§?„?????§?­', 01227254046, 01227254046, 'ray_m78@yahoo.com', 'SystemImages/120_main.jpeg', 31, '???±?? ?„?„?§???¬?§?±', 22, '???‚?§?± ?„?„?§???¬?§?±', 0, NULL, '2015-03-19', '6:44', 1, '?¬?†???‡ ?…?µ?±?‰', 1, '?…?µ?±', '?…???§???‚?©')
	,(121, '?????† ?…???±???? ?„?„?…?????±???§?? ???? ?…?????†?© ?†?µ?±', '?????† ?…???±???? ?…?????±?? ?„?„?…?????±???§?? (?·?§?„???§?? ?? ?…???????§??) ???? ?…?????†?© ?†?µ?± ?????…?§?±?§?? ?§?„???±?????? ?®?„?? ?§?„?†?§???? ?§?„?§?‡?„??', '?????† ?…???±???? ?…?????±?? ?„?„?…?????±???§?? (?·?§?„???§?? ?? ?…???????§??) ???? ?…?????†?© ?†?µ?± ?????…?§?±?§?? ?§?„???±?????? ?®?„?? ?§?„?†?§???? ?§?„?§?‡?„??.???‚?© ?…???±?????© ???„?‰ ?§???„?‰ ?…???????‰ ?????§?±?© ???† 3 ???±?? ?†???… ?? 2 ?­?…?§?… ?? ?µ?§?„?© ?? ?…?·???®.?§?„???‚?© ?…???±?????© ?? ???‡?§ ?¬?…???? ?§?„?§?¬?‡???© ?? ?§?„???±?? ?…?????‚?„?© ?§?? ?…???????¬?© ?? ?§?„?…?·???® ?? ?§?„?­?…?§?… ?…?????±?? .?????¬?? ?§?†???±?†?? adsl ?? ???? ?? ?????¬?? ?§?…?† ?? ?­?±?§???©.?§?„?????† ???? ?…?†?·?‚?© ?­???????© ???‡?§ ?¬?…???? ?§?„?®???…?§?? ?? ???‡?§ ?…???§?µ?„?§?? ???‡?„?© ?„?????· ?§?„???„?? ?? ?…?µ?± ?§?„?¬???????©.?§?„?????± ?? ?§?? ?§?????????§?±?§?? ?§?®?±?‰ ???†?? ?§?„?§???µ?§?„ ???§?„???„???????† ?§?„?…?­?…???„ ?±?‚?… 01227138427', 700, 1, '?§?„?‚?§?‡?±?©', 1, '?…???±???¶ (?„?„??????)', '?…?­?…?? ?????? ?§?„?????§?­', 01227254046, 01227254046, 'ray_m78@yahoo.com', 'SystemImages/121_main.jpeg', 31, '???±?? ?„?„?§???¬?§?±', 22, '???‚?§?± ?„?„?§???¬?§?±', 0, NULL, '2015-03-19', '6:52', 1, '?¬?†???‡ ?…?µ?±?‰', 1, '?…?µ?±', '?…???§???‚?©')
	,(119, '???±???© ?…???±?????© ?„?„?§???¬?§?± ?????§?®?„ ???‚?© ?…???±?????© 112?… ', '?…???????± ?„?„?§???¬?§?± ???±???© ?…???±?????© ???‰ ???‚?© ???‡?§ ???±???????† ?„?„?…???? ?§?„?‚?µ???±?© ?§?? ?§?„?·?????„?©', '?…???????± ?„?„?§???¬?§?± ???±???© ?…???±?????© ???‰ ???‚?© ???‡?§ ???±???????† ?„?„?…???? ?§?„?‚?µ???±?© ?§?? ?§?„?·?????„?©\r\n\r\n?§?„?…???§?†:\r\n?§?„?‚?§?‡?±?© . ?§?„???¬?…?? ?§?„?®?§?…?? . ?§?„?‚?§?‡?±?© ?§?„?¬???????© . ?…?†?·?‚?© ?§?„?†?±?¬?? ???…?§?±?§??\r\n?‚?±???? ?…?† ?…???¬?? ???§?·?…?© ?§?„???±?????„?‰ . ?§?„?¬?§?…???© ?§?„?§?„?…?§?†???© . ?…?­???…?© ?§?„?‚?§?‡?±?© ?§?„?¬???????© .\r\n?‚?±???? ?…?† ?§?„?¬?§?…???© ?§?„?§?…?±???????© . ???§?±?? ?§?„?????????† . ???§???±?? ?????????????§?„ ???????‰ . ?¬?§?…???© ?§?„?…?????‚???„ . ?…???„ ?§?„???§???† ???§???†.\r\n?????¶?„ ?§?…???„?§?? ?????§?±?© ?„?§?†?‡?§ ???§?®?„ ?…?†?·?‚?© ?????†???© ?? ?…???© ?§?„?…???‰ ?„?§?‚?±?? ?…???§?µ?„?© ???†?? ?¬?§?…?? ???§?·?…?© ?§?„???±?????„?‰ ???‰ ?­?????? 20 ???‚???‚?©.\r\n\r\n?§?„???‚?©:\r\n?§?„?????± ?§?„?±?§???? . ?®?„???‰. ?????¬?? ?§???§?†?????±\r\n???‡?§ ???±???????† + ?±?????????† ?‚?·???????† + ?…?·???® ???‡ ???????¬?§?? ?‚?????… ???„?§?¬?© ?­?????«?© + 2 ?­?…?§?… + ?§?????§?? ?…?·???® ?‚?????…?© ?„???† ???­?§?„?© ?¬?????©\r\n?§?„???‚?© ?????·???? ?­?????«\r\n\r\n?§?„???±???©:\r\n?§?„?????? ?‚?????… ?¬???§ ?„???† ???­?§?„?© ?¬?????© .\r\n???§?? ?§?„???±???© ???‡?§ ???§?„???† ???‚?© ?„?????????± ?§?„?®?µ???µ???© + ???±???± + ?????„?§??+ ?…?????? + ?…?????§?© + ???±?§???????© ?…?????§?©\r\n???„???????????† LCD . ?§?„?§?????„?§?… ???????† ?…?????§?­ ?§?„???±???© + ?…?????§?­ ?§?„???‚?©\r\n?§?„???„?????????† ???‡ ?®?·???· ?????¶?§??\r\n\r\n?§?„???±???·:\r\n?????± ?…???®?† - ?…?±?§???§?‡ ?†???§???© ?§?„?…???§?† ?…?·?„?????© ?¬???§ - ?§?„?????§?±?§?? ?????± ?…???…???­?© ?????§?? ?§?„?§?‚?§?±?? ?§?? ?§?„?§?µ?­?§??\r\n\r\n?§?„?????±:\r\n?§?„?????… ???ˆ 200 ?¬?†???© ?? ?§?„???‡?± ???ˆ 1500 ?¬?†???©\r\n?§?„?…???§?±???© ???????† ???‰ ???§?????±?© ?§?„???‡?±???§?? ?? ?§?„?…???§?© ?? ?†???± ?§?„???„?… ?? ?§?„?§?…?†\r\n???‡?±???† ???§?…???† ?? ???‡?± ?…?‚???… . ?§?„?§?????§?? ???????† ???‰ ?­???§?? ???†???‰ ?§?? ???§?„????\r\n', '1,500', 2, '?§?„???????†???±???©', 1, '?…???±???¶ (?„?„??????)', '?…?­?…?? ?????? ?§?„?????§?­', 01227254046, 01227254046, 'ray_m78@yahoo.com', 'SystemImages/119_main.jpeg', 31, '???±?? ?„?„?§???¬?§?±', 22, '???‚?§?± ?„?„?§???¬?§?±', 0, NULL, '2015-03-19', '6:43', 1, '?¬?†???‡ ?…?µ?±?‰', 1, '?…?µ?±', '?…???§???‚?©')
	,(118, '???±?? ???†???‚???‡ ?„?„?·?§?„???§?? ?? ?§?„?…?????±???§?? ???…???‚?? ?…???…???? ', '???±?? ???†???‚???‡ ???????„?§ ???????„???? ?§???§?†?????± ?®?§?µ ???…?†?????‡ ?§?„?????±?‰?¬???§?± ', '???±?? ???†???‚???‡ ???????„?§ ???????„???? ?§???§?†?????± ?®?§?µ ???…?†?????‡ ?§?„?????±?‰?¬???§?± ???†???§???‰ ?§?…?§?… ???†?? ?§?„ CIB ?§?„?…?†?·?‚?‡ ???‡?§ ?¬?…???? ?§?„?®???…?§?? ???§?„?‚?±?? ?…?† ?¬?§?…???‡ ?????† ???…?? ?? ???„???‡ ?§?„???±?????‡ ???±???????‰ ?? ???„???‡ ?§?„???†?§?? ???…?­?·?‡ ?…???±?? ?????±?‰ ?§?„?‚???‡\r\n\r\n?…???§?????‡ ?§???§?±???‡ ?„?„?·?§?„???§??-?§?„?????§?µ?„ ?…?? ?°?????‡?…- ?…?·???® ???§?…?„ -???±?? ?±?§?‚?‰ ?­?…?§?…?§?? ???????·???? ???????± ?„?????? -?§?„?????§?…?„ ?…?? ?§?„?…?§?„?? ?? ?§?„?§???§?±?‡ ?…???§???±?©\r\n?„?„?§?????????§?± \r\n?±?‚?… ?…???????„ :01000300123 ## 01111158713 ?????????±?‡ ???§???† ???? ?§?„?????†', '600 ', 2, '?§?„???????†???±???©', 1, '?…???±???¶ (?„?„??????)', '?…?­?…?? ?????? ?§?„?????§?­', 01227254046, 01227254046, 'ray_m78@yahoo.com', 'SystemImages/118_main.jpeg', 31, '???±?? ?„?„?§???¬?§?±', 22, '???‚?§?± ?„?„?§???¬?§?±', 0, NULL, '2015-03-19', '6:41', 1, '?¬?†???‡ ?…?µ?±?‰', 1, '?…?µ?±', '?…???§???‚?©')
	,(117, 'Sony Cyber-shot DSC-HX20V 18.2 MP 3d', '???§?…???±?§?? ?±?‚?…???© ?ˆ¬ , ?????†?? , ???????† ?¶?…?§?†', '18.2 megapixels \"Exmor R\" CMOS sensor for superior low-light performance\r\n?ˆ?20X optical zoom,3.0-inch LCD\r\n?ˆ?Rechargeable Lithium-Ion Battery Pack\r\n?ˆ?GPS and Compass record shot location & direction\r\nRoll over image to zoom in \r\nSony Cyber-shot DSC-HX20V 18.2 MP Exmor R CMOS Digital Camera with 20x Optical Zoom and 3.0-inch LCD (\r\n?????†?‰ ?????±?? ???§?±???§?„?®?§?±?¬ ?§???„?‰ ???¦?‡ ?????±?‡?§ 400?????„?§?±\r\n???§???§?†?‰ ?§?„?µ?†??', '2,100', 1, '?§?„?‚?§?‡?±?©', 1, '?…???±???¶ (?„?„??????)', '?…?­?…?? ?????? ?§?„?????§?­', 01227254046, 01227254046, 'ray_m78@yahoo.com', 'SystemImages/117_main.jpeg', 17, '???§?…???±?§?? ?????µ?????±', 21, '?…???±???¶ ?„?„??????', 0, NULL, '2015-03-19', '6:30', 1, '?¬?†???‡ ?…?µ?±?‰', 1, '?…?µ?±', '?…???§???‚?©')
	,(115, 'Camera FujiFilm Fine PIX S4000 ?­?§?„?© ?¬?????© ?¬???§ ', '???§?…???±?§?? ?±?‚?…???© ?ˆ¬ , ?????¬?? ?????„?… , ???????† ?¶?…?§?†', '?­?§?„?© ?¬?????© ?¬???§ ?¬???§ ?¬???§\r\n', '100 ?¬?†???‡', 2, '?§?„???????†???±???©', 1, '?…???±???¶ (?„?„??????)', '?…?­?…?? ?????? ?§?„?????§?­', 01227254046, 01227254046, 'ray_m78@yahoo.com', 'SystemImages/115_main.jpeg', 17, '???§?…???±?§?? ?????µ?????±', 21, '?…???±???¶ ?„?„??????', 0, NULL, '2015-03-19', '6:27', 1, '?¬?†???‡ ?…?µ?±?‰', 1, '?…?µ?±', '?…???§???‚?©')
	,(116, '?????†?‰ ?????µ???± ?«?±?‰ ???‰ ???„ ?§???? ???‰ 1080p', '???§?…???±?§?? ?±?‚?…???© ?ˆ¬ , ?????†?? , ?¶?…?§?† ???§?±??', '???§?…???±?§ ?????†?‰wx200 ?¬???????‡ ?„?… ???????®???… ?????±?‡?§ 2000 ???…?·?„???? ?????‡?§ ???‚?· 1000 ?„???±???‡ ?§?„?????? ?„???? ?§???«?± ???…?…???† ?????®?„ ???„?‰ ?…???‚?? ???…?????????±?????? ?§?? ?§???§?„ ???„???‡?§ ???? ???‰ ???? ?§?? ?§?‰ ???±?? ?…?† ???±???? ???§?±?????± ?????§?† ?????±?? ?????±?‡?§ ???§?…\r\n', '1,000', 1, '?§?„?‚?§?‡?±?©', 1, '?…???±???¶ (?„?„??????)', '?…?­?…?? ?????? ?§?„?????§?­', 01227254046, 01227254046, 'ray_m78@yahoo.com', 'SystemImages/116_main.jpeg', 17, '???§?…???±?§?? ?????µ?????±', 21, '?…???±???¶ ?„?„??????', 0, NULL, '2015-03-19', '6:28', 1, '?¬?†???‡ ?…?µ?±?‰', 1, '?…?µ?±', '?…???§???‚?©')
	,(113, '?„?„?????? ?????§?±?© ?????±???„???© ?????? ???? ?…???????„ 1978', '???????±???„???‡ ?????? ?§?? , 1978 , ????????/???§???? , 1 ???… , 1501 - 1600 ???‰ ???‰', '?????§?±?© ?????±???„???© ?????? ???? ?…???????„ 1978 ?„?„??????\r\n??:01117133334 \r\n??:01208121595', '20,000', 1, '?§?„?‚?§?‡?±?©', 1, '?…???±???¶ (?„?„??????)', '?…?­?…?? ?????? ?§?„?????§?­', 01227254046, 01227254046, 'ray_m78@yahoo.com', 'SystemImages/113_main.jpeg', 1, '???????±???„???‡', 20, '?????§?±?§??', 0, NULL, '2015-03-19', '6:09', 1, '?¬?†???‡ ?…?µ?±?‰', 1, '?…?µ?±', '?…???§???‚?©')
	,(114, '???§?…???±?§ ?????¬?????§?„ ?†???????†', '???§?…???±?§?? ?±?‚?…???© ?ˆ¬ , ?†???????† , ???????† ?¶?…?§?†', '???§?…???±?§ ?????¬?????§?„ ?†???????† COOLPIX S9300\r\nFull HD\r\n18 X zoom\r\nGps', '1,000', 2, '?§?„???????†???±???©', 1, '?…???±???¶ (?„?„??????)', '?…?­?…?? ?????? ?§?„?????§?­', 01227254046, 01227254046, 'ray_m78@yahoo.com', 'SystemImages/114_main.jpeg', 17, '???§?…???±?§?? ?????µ?????±', 21, '?…???±???¶ ?„?„??????', 0, NULL, '2015-03-19', '6:26', 1, '?¬?†???‡ ?…?µ?±?‰', 1, '?…?µ?±', '?…???§???‚?©')
	,(111, '?????????±?„???‡ ?§???????±?§ / 2006 / ???§?…?„?‡ ?…?§?†?????§?„ / ???§???±???‚?‡ ', '???????±???„???‡ ?§???????±?§ , 2006 , ????????/???§???? , 230 ???… , 1501 - 1600 ???‰ ???‰', '?????????±?„???‡ ?§???????±?§ / 2006 / ???§?…?„?‡ ?…?§?†?????§?„ / ???§???±???‚?‡ ???§?„???§?…?„\r\n', '68,000', 1, '?§?„?‚?§?‡?±?©', 1, '?…???±???¶ (?„?„??????)', '?…?­?…?? ?????? ?§?„?????§?­', 01227254046, 01227254046, 'ray_m78@yahoo.com', 'SystemImages/111_main.jpeg', 1, '???????±???„???‡', 20, '?????§?±?§??', 0, NULL, '2015-03-19', '6:04', 1, '?¬?†???‡ ?…?µ?±?‰', 1, '?…?µ?±', '?…???§???‚?©')
	,(112, '?????????±?„???‡ ?§???????±?§ - ?§?„?…???????„ / 2010 ???§???±???‚?‡ ???§?„???§?…?„ ', '???????±???„???‡ ?§???????±?§ , 2010 , ?§???????…?§?????? , 95 ???… , 1501 - 1600 ???‰ ???‰', '?§?„?????§?±?‡/ ?????????±?„???‡ ?§???????±?§ - ?§?„?…???????„ / 2010 - ?§?„?…???§?µ???§?? / ?§?„?????§?±?‡ ???§?…?„?‡ ?§???????…?§?????? ?§?„?????„ ?§?„?‚?????… / ???§?…?„?‡ / ?????????? / ???§???± / ???†???± / ???¬?§?¬ ???‡?±???§?? / ?…?±?§???§?? ???‡?±???§?? / ?§?„?????§?±?‡ ???§???±???‚?‡ ???§?„???§?…?„ ???­?§?„?‡ ?§?„?????±?? / ?…?????§?­ ?±???…???? / ?µ???§?†?§?? ???§?…?„?‡ / ?„?§ ???­???§?¬ ?…?µ?§?±???? ?†?‡?§?¦???§ / ?±?®?µ?‡ ???§?±???‡.', '95,000', 1, '?§?„?‚?§?‡?±?©', 1, '?…???±???¶ (?„?„??????)', '?…?­?…?? ?????? ?§?„?????§?­', 01227254046, 01227254046, 'ray_m78@yahoo.com', 'SystemImages/112_main.jpeg', 1, '???????±???„???‡', 20, '?????§?±?§??', 0, NULL, '2015-03-19', '6:06', 1, '?¬?†???‡ ?…?µ?±?‰', 1, '?…?µ?±', '?…???§???‚?©')
	,(110, '?????????±?„???‡ ?§???????±?§ / 2006 / ???§?…?„?‡ ?…?§?†?????§?„ / ???§???±???‚?‡ ', '???????±???„???‡ ???????? , 2014 , ?§???????…?§?????? , 30 ???… , 1401 - 1500 ???‰ ???‰', '?????????±?„???‡ ?§?????? _ ?…???????„ / 2014 _ ???§?…?„?‡ ?§???????…?§?????? _ ?????§?? / 30000???… _ ???§???±???‚?‡ ???§?„???§?…?„', '95,000', 1, '?§?„?‚?§?‡?±?©', 1, '?…???±???¶ (?„?„??????)', '?…?­?…?? ?????? ?§?„?????§?­', 01227254046, 01227254046, 'ray_m78@yahoo.com', 'SystemImages/110_main.jpeg', 1, '???????±???„???‡', 20, '?????§?±?§??', 0, NULL, '2015-03-19', '6:00', 1, '?¬?†???‡ ?…?µ?±?‰', 1, '?…?µ?±', '?…???§???‚?©')
	,(136, '???§???±???†?© ?«?§?????© -?±?????†', '???§???±???†?© ???—???… ???…?‚ ?¦?????… ???…???„?© ?§?±???? ???¬?§?¬ ?¦?…?… ?§???????±???§?? ?±???? ?????„?‰ ???®?????† ???±?????† ???§? ?—??? ? ???… ', '???§???±???†?©???—???… ???…?‚?¦?????… ???…???„?© ?¬???????©', '?§?„???§???±???†?© ?…???…???„?© ?…?† ?????‡???± ??? ? ?  ?§?„?±?????†?§? ?  ?§?„?????± ???†?? ?§?„???±?§?? ?„?„???µ?????© ?„???±???? ?®?§?µ?©', 1, '?§?„?‚?§?‡?±?©', 1, '?…???±???¶ (?„?„??????)', '?§???„?§?…', '? ?????¤?¤?¤? ?©???©?¤', 01144409394, ' Islam_ismsm@yahoo.com', 'SystemImages/136_14481238595181849683303.jpg', 20, '?§?„?…?†???„ ???§?„?­?????‚?©', 21, '?…???±???¶ ?„?„??????', 0, NULL, '2015-11-21', '10:39', 1, '?¬?†???‡ ?…?µ?±?‰', 1, '?…?µ?±', '?…???§???‚?©')
	,(141, '???±?µ?‡ ???? ???…???„?? 2000 ?…???± ???§?????????±', '???±?µ?‡ ?…?† ???±???© ?§?„?®?„???¬ ?§?„???±???? ?‚?·???© ?§?±?¶ ???¶?§?? 2000 ?…???± ?…?±???? ?‚?§???„?‡ ?„?„???¬???¦?‡ ?§?…?§?… ?†???? ?¬?????© ?????± ?§?„?…???± 800 ?¬?†???‡ ?…???§?‡-???‡?±???§??-?…???¬?„?© ???‡?± ???‚?§?±??', '???±?µ?‡ ?…?† ???±???© ?§?„?®?„???¬ ?§?„???±???? ?‚?·???© ?§?±?¶ ???¶?§?? 2000 ?…???± ?…?±???? ?‚?§???„?‡ ?„?„???¬???¦?‡ ?§?…?§?… ?†???? ?¬?????© ?????± ?§?„?…???± 800 ?¬?†???‡ ?…???§?‡-???‡?±???§??-?…???¬?„?© ???‡?± ???‚?§?±??', 1600000, 1, '?§?„?‚?§?‡?±?©', 1, '?…???±???¶ (?„?„??????)', '?§?„?®?„???¬ ?§?„???±????', NULL, 01017222259, 'alkhaligalaraby@gmail.com', 'SiteImages/1_defaultimage.png', 37, '?§?±?¶ ?„?„??????', 23, '???‚?§?± ?„?„??????', 0, NULL, '2016-01-29', '11:07', 1, '?¬?†???‡ ?…?µ?±?‰', 1, '?…?µ?±', '?…???§???‚?©')
	,(137, '38 ?? ?…???­?? ?????? ?§?„?????„ ( ???????§???????? ???§???‚?§ ) ?§?„?????± ?§?„?§???„ ???„???‰', '???‚?© ???…?„???? ???§?„?????± ?§?„?§???„ ???„???‰ ?????·???? ???????± ?„?????? ???§?„?¶?§???‰ ?„?????? 2 ???????? ', '?§?„?…???§?­?© 120?… ?µ?§???‰ ?????·???? ???????± ?„?????? ???±?‰ ?§?„???­?± ?????‡???„?© ???§?†?‰ ?†?…?±?© ?…?† ?§?„???­?± ?®?„?? ???†???‚ ???„???????§???±?§ 3 ???±?? ???±?????????† 2 ?­?…?§?… .. ???µ?„?­ ?„???§???© ?§?„?§???±?§?¶  .. ?????†?‰ ?§?? ?§???§?±?‰', ' ?????…?§?¦?© ?? ???????† ?§?„?? ?¬?†???‡?§ ?…?µ?±???§ ?„?§?????±   660000', 2, '?§?„???????†???±???©', 1, '?…???±???¶ (?„?„??????)', '?????§?? ?°???‰', NULL, 01118222655, 'salaeldin@gmail.com', 'SystemImages/137_IMG-20151202-WA010.jpg', 36, '???‚?‡ ?„?„??????', 23, '???‚?§?± ?„?„??????', 0, NULL, '2015-12-03', '4:25', 1, '?¬?†???‡ ?…?µ?±?‰', 1, '?…?µ?±', '?…???§???‚?©')
	,(138, 'mmmmmmmmm', 'mmmmmmmmmmmmmmmm mmmmmmmmmmmmm', 'ddddddddddddd dddddddddddddd', 2555, 1, '?§?„?‚?§?‡?±?©', 0, NULL, 'kkkkkkkkk', 01054545454, 01054545454, 'kkkk@yahoo.com', 'SystemImages/138_shell.txt', 1, '???????±???„???‡', 20, '?????§?±?§??', 0, '???§???‰', '2016-01-06', '10:38', 0, NULL, 1, '?…?µ?±', '?§?†?????§?± ?§?„?…???§???‚?©')
	,(139, '???­???§?± ?…?­?·?© ?…???±?? ???§?± ?§?„???„?§?… ', '???„?????????† ???????????§ ?§?„???±???‰ 25 ?????µ?© ???‰ ?????? ', '?§?„???„?????????† ???­?§?„?© ?…?…???§???© ?¬???§ ?„?… ?????… ?????­?‡ ?? ???‡?°?§ ?…?§ ?????¶?­?‡ ?§?„?µ???± ???§?„?§???„?‰ ', '1000 ?¬?†???‡ ?…?µ?±?‰', 1, '?§?„?‚?§?‡?±?©', 1, '?…???±???¶ (?„?„??????)', '???????± ?…?¬???‰ ', NULL, 01229258052, 'petermagdy3@gmail.com', 'SystemImages/139_12511386_10208573867050896_1762719927_o.jpg', 19, '???„?????±???†???§?? ???§?¬?‡???© ?…?†???„???©', 21, '?…???±???¶ ?„?„??????', 0, NULL, '2016-01-10', '13:45', 1, '?¬?†???‡ ?…?µ?±?‰', 1, '?…?µ?±', '?…???§???‚?©')
	,(140, '?…???????„ ?„???…???§535', '?…???????„ ?„???…???§ ?…???????…?„ 535', '?…???????„ ?„???…???§ ?…???????…?„ \r\n(?§?†???† ???±???­?‡?????…?§???§?? ?§?°?†?????§?­?†?????·?§?‚?‡ ?°?§???±?‡ ?…?????±?????…???§?­?‡ ?§?„?…???????„ 8?¬???¬?§???«?†?§?¦?? ?§?„?†???§?‡)?§???????…?§?„ ?????± ???‡???±?????‡?± ?¶?…?§?† ????\r\n?§?„?????? ?„?????§???? ?§?„?????±.', 525, 2, '?§?„???????†???±???©', 1, '?…???±???¶ (?„?„??????)', 'Ahmed', 01023703174, 01023703174, 'Miramemo88@yahoo.com', 'SiteImages/1_defaultimage.png', 19, '???„?????±???†???§?? ???§?¬?‡???© ?…?†???„???©', 21, '?…???±???¶ ?„?„??????', 0, NULL, '2016-01-12', '11:22', 1, '?¬?†???‡ ?…?µ?±?‰', 1, '?…?µ?±', '?…???§???‚?©')
	,(145, 'sdsada', '?????????????????????????„?‚ ?‚?„?‚?„?‚?„?‚', '?????????????????????????„?‚???????µ?«?±?„?‚?„?‚?„?„???„???„???„?????„???????????„????', 245, 1, '?§?„?‚?§?‡?±?©', 1, '?…???±???¶ (?„?„??????)', 'w', 2222222222, 1121111111, 'w011100055@gmail.com', 'SiteImages/1_defaultimage.png', 38, '???‚?§?± ???¬?§?±?‰ ?„?„??????', 23, '???‚?§?± ?„?„??????', 0, '???§???‰', '2016-03-21', '6:32', 9, '?????†?§?± ?????†????', 1, '?…?µ?±', '?§?†?????§?± ?§?„?…???§???‚?©')
	,(142, 'zerzerz', 'erzr', 'regertrer', 12, 12, '?§?„???‚?§?????‚', 1, '?…???±???¶ (?„?„??????)', 'toox', 05423265214, 20032154122, 'tooxxoot@outlook.fr', 'SystemImages/142_404.php', 1, '???????±???„???‡', 20, '?????§?±?§??', 0, '???§???‰', '2016-02-04', '14:00', 1, '?¬?†???‡ ?…?µ?±?‰', 1, '?…?µ?±', '?§?†?????§?± ?§?„?…???§???‚?©')
	,(143, 'aeqwewq', 'wqeqwe', 'wqdsawdqwdqwdqqw', 323423423, 14, '???…???§?·', 1, '?…???±???¶ (?„?„??????)', 'wadad', 21321312, 1231312321, 'wadwa2a@dfsdf.com', 'SiteImages/1_defaultimage.png', 24, '???…?????????± ?????§???„??', 21, '?…???±???¶ ?„?„??????', 0, '???§???‰', '2016-03-17', '12:24', 1, '?¬?†???‡ ?…?µ?±?‰', 1, '?…?µ?±', '?§?†?????§?± ?§?„?…???§???‚?©')
	,(144, 'aeqwewq', '?µ?µ?µ', '?«', 23, 1, '?§?„?‚?§?‡?±?©', 1, '?…???±???¶ (?„?„??????)', 'wadad', 21321312, 3132232323, 'sdd@sdsad.com', 'SiteImages/1_defaultimage.png', 1, '???????±???„???‡', 20, '?????§?±?§??', 0, '???§???‰', '2016-03-19', '8:20', 1, '?¬?†???‡ ?…?µ?±?‰', 1, '?…?µ?±', '?§?†?????§?± ?§?„?…???§???‚?©')
	,(146, '?§?±???­ ?§?„?§?†', '?§?±???­ ?§?„?§?†', '?§?±???­ ?§?„?§?†?§?±???­ ?§?„?§?†?§?±???­ ?§?„?§?†?§?±???­ ?§?„?§?†?§?±???­ ?§?„?§?†?§?±???­ ?§?„?§?†?§?±???­ ?§?„?§?†?§?±???­ ?§?„?§?†?§?±???­ ?§?„?§?†?§?±???­ ?§?„?§?†?§?±???­ ?§?„?§?†?§?±???­ ?§?„?§?†?§?±???­ ?§?„?§?†?§?±???­ ?§?„?§?†?§?±???­ ?§?„?§?†?§?±???­ ?§?„?§?†?§?±???­ ?§?„?§?†?§?±???­ ?§?„?§?†?§?±???­ ?§?„?§?†?§?±???­ ?§?„?§?†?§?±???­ ?§?„?§?†?§?±???­ ?§?„?§?†?§?±???­ ?§?„?§?†?§?±???­ ?§?„?§?†?§?±???­ ?§?„?§?†?§?±???­ ?§?„?§?†?§?±???­ ?§?„?§?†?§?±???­ ?§?„?§?†?§?±???­ ?§?„?§?†?§?±???­ ?§?„?§?†?§?±???­ ?§?„?§?†?§?±???­ ?§?„?§?†?§?±???­ ?§?„?§?†', 11, 2, '?§?„???????†???±???©', 1, '?…???±???¶ (?„?„??????)', 22, 2222222222, 2222222222, '22232@sfdsf.com', 'SystemImages/146_gold.png', 22, '??????', 21, '?…???±???¶ ?„?„??????', 0, NULL, '2016-03-21', '6:42', 1, '?¬?†???‡ ?…?µ?±?‰', 1, '?…?µ?±', '?…???§???‚?©')
	,(147, '?…?????? ?­?±?§?±?‰ ??*??', '?…?????? ?­?±?§?±?‰ ???·???? ???„?‰ ?§?„???????±???§?? ?? ?§?„?…?????„???§?? ?? ?§?„?????§??????(?§?„???†?§??) ?? ?§?„?§?·???§?‚ ?? ?§?„???§???§?? ?? ?? ?§?„???„?§???„ ???§?„?????±?§?…???? ?? ?§?„?±?®?§?… ???±?µ?‡ ?…???±???? ?µ?????± ???‰ ?§?„?…?†???„ ?? ?…?±???­ ?¬???§?‹?‹?§?‹?§?‹  ?„?§ ?????¬?? ?­?§?¬?‡ ?„?„?…???§?† ?§?„???????± ???…???† ???¶???‡ ???„?‰ ?·?±?§???????‡ ?? ???‡ ?????­?§?? ?„?·???§???‡ ???„?‰ ???„ ?…?§ ???… ?°???±?‡ ', '?…?????? ?­?±?§?±?‰ ???·???? ???„?‰ ?§?„???????±???§?? ?? ?§?„?…?????„???§?? ?? ?§?„?????§?????? (pin) ?? ?§?„?§?·???§?‚ ?? ?§?„???§???§?? ?? ?? ?§?„???„?§???„ ???§?„?????±?§?…???? ?? ?§?„?±?®?§?… ???±?µ?‡ ?…???±???? ?µ?????± ???‰ ?§?„?…?†???„ ?? ?…?±???­ ?¬???§?‹?‹?§?‹?§?‹  ?„?§ ?????¬?? ?­?§?¬?‡ ?„?„?…???§?† ?§?„???????± ???…???† ???¶???‡ ???„?‰ ?·?±?§???????‡ ?? ???‡ ?????­?§?? ?„?·???§???‡ ???„?‰ ???„ ?…?§ ???… ?°???±?‡ ?? ???‡???„?‡ ???‰ ?§?„?????????? ?? ?§?„???? ?? ?§?„?????????„ ?…???‡ cd ???±?­ ?? ???§?„???±?????†?‡ ?¬?????? ?? ?§?„?????? ?„?????„?‰ ?????± ?§?„???„???????† ? ??? ?©???©???¤?????§', '??? ? ? ', 1, '?§?„?‚?§?‡?±?©', 1, '?…???±???¶ (?„?„??????)', '?µ?„?§?­', 01091984517, 01091984517, 'Samymona94@yahoo.com', 'SystemImages/147_sw.php', 19, '???„?????±???†???§?? ???§?¬?‡???© ?…?†???„???©', 21, '?…???±???¶ ?„?„??????', 0, NULL, '2016-03-27', '13:27', 1, '?¬?†???‡ ?…?µ?±?‰', 1, '?…?µ?±', '?§?†?????§?± ?§?„?…???§???‚?©');

CREATE TABLE `ads_cat` (
  `ID` bigint(255) NOT NULL AUTO_INCREMENT,
  `address` varchar(1000) COLLATE utf8_bin NOT NULL,
  `ImagePath` varchar(500) COLLATE utf8_bin NOT NULL,
  `appearance` int(255) NOT NULL,
  PRIMARY KEY (`ID`)
) ENGINE=MyISAM AUTO_INCREMENT=25 DEFAULT CHARSET=utf8 COLLATE=utf8_bin;
INSERT INTO `ads_cat` (`ID`, `address`, `ImagePath`, `appearance`) VALUES 
	(24, '?????§?¦??', 'SiteImages/24_icon_5.png', 5)
	,(23, '???‚?§?± ?„?„??????', 'SiteImages/23_icon_4.png', 4)
	,(22, '???‚?§?± ?„?„?§???¬?§?±', 'SiteImages/22_icon_3.png', 3)
	,(21, '?…???±???¶ ?„?„??????', 'SiteImages/21_icon_2.png', 2)
	,(20, '?????§?±?§??', 'SiteImages/20_icon_1.png', 1);

CREATE TABLE `ads_catb` (
  `ID` bigint(255) NOT NULL AUTO_INCREMENT,
  `address` varchar(1000) COLLATE utf8_bin NOT NULL,
  `cat_id` int(255) NOT NULL,
  `cat_name` varchar(1000) COLLATE utf8_bin NOT NULL,
  `appearance` int(255) NOT NULL,
  PRIMARY KEY (`ID`)
) ENGINE=MyISAM AUTO_INCREMENT=41 DEFAULT CHARSET=utf8 COLLATE=utf8_bin;
INSERT INTO `ads_catb` (`ID`, `address`, `cat_id`, `cat_name`, `appearance`) VALUES 
	(1, '???????±???„???‡', 20, '?????§?±?§??', 1)
	,(2, '?§???????† ?…?§?±???†', 20, '?????§?±?§??', 2)
	,(3, '???????„', 20, '?????§?±?§??', 3)
	,(4, '???????‰', 20, '?????§?±?§??', 4)
	,(5, '?????„?????…', 20, '?????§?±?§??', 5)
	,(6, '???†?????†??????', 20, '?????§?±?§??', 6)
	,(7, '?§?????±?§', 20, '?????§?±?§??', 7)
	,(8, '?§?„???§ ?±???…????', 20, '?????§?±?§??', 8)
	,(9, '?§?„?„??????', 20, '?????§?±?§??', 9)
	,(10, '?§??????????', 20, '?????§?±?§??', 10)
	,(11, '???±???????†', 20, '?????§?±?§??', 11)
	,(12, '???????±?‰', 20, '?????§?±?§??', 12)
	,(13, '???†???„?‰', 20, '?????§?±?§??', 13)
	,(14, '?????¬?§???‰', 20, '?????§?±?§??', 14)
	,(15, '???????????§', 20, '?????§?±?§??', 15)
	,(16, '?????§??', 20, '?????§?±?§??', 16)
	,(17, '???§?…???±?§?? ?????µ?????±', 21, '?…???±???¶ ?„?„??????', 1)
	,(18, '???„?§?? ?…???????‚???©', 21, '?…???±???¶ ?„?„??????', 2)
	,(19, '???„?????±???†???§?? ???§?¬?‡???© ?…?†???„???©', 21, '?…???±???¶ ?„?„??????', 3)
	,(20, '?§?„?…?†???„ ???§?„?­?????‚?©', 21, '?…???±???¶ ?„?„??????', 4)
	,(21, '?­?????§?†?§?? ?§?„?????©', 21, '?…???±???¶ ?„?„??????', 5)
	,(22, '??????', 21, '?…???±???¶ ?„?„??????', 6)
	,(23, '?‚???§?±??', 21, '?…???±???¶ ?„?„??????', 7)
	,(24, '???…?????????± ?????§???„??', 21, '?…???±???¶ ?„?„??????', 8)
	,(25, '?…?¬???‡?±?§?? ?????§???§??', 21, '?…???±???¶ ?„?„??????', 9)
	,(26, '?…?????„???…?§?? ?§?„?§?·???§?„', 21, '?…???±???¶ ?„?„??????', 10)
	,(27, '?…?????„???…?§?? ?±???§?¶???©', 21, '?…???±???¶ ?„?„??????', 11)
	,(28, '?…?„?§???? ???§?????????§?±?§??', 21, '?…???±???¶ ?„?„??????', 12)
	,(29, '?…?????§???„?§?? ???…?„?­?‚?§???‡?§', 21, '?…???±???¶ ?„?„??????', 13)
	,(31, '???±?? ?„?„?§???¬?§?±', 22, '???‚?§?± ?„?„?§???¬?§?±', 1)
	,(32, '???§?„???‡?§?? / ???‚?‚ ?????§?­???©', 22, '???‚?§?± ?„?„?§???¬?§?±', 2)
	,(33, '???‚?‡ ?„?„?§???¬?§?±', 22, '???‚?§?± ?„?„?§???¬?§?±', 3)
	,(34, '???‚?§?± ???¬?§?±?‰ ?„?„?§???¬?§?±', 22, '???‚?§?± ?„?„?§???¬?§?±', 4)
	,(35, '?????„?§ ?„?„?§???¬?§?±', 22, '???‚?§?± ?„?„?§???¬?§?±', 5)
	,(36, '???‚?‡ ?„?„??????', 23, '???‚?§?± ?„?„??????', 1)
	,(37, '?§?±?¶ ?„?„??????', 23, '???‚?§?± ?„?„??????', 2)
	,(38, '???‚?§?± ???¬?§?±?‰ ?„?„??????', 23, '???‚?§?± ?„?„??????', 3)
	,(39, '?????„?§ ?„?„??????', 23, '???‚?§?± ?„?„??????', 4)
	,(40, '???­???§?? ?…?????????‡ ?„?„??????', 23, '???‚?§?± ?„?„??????', 5);

CREATE TABLE `ads_offense` (
  `ID` bigint(255) NOT NULL AUTO_INCREMENT,
  `offense_reason` varchar(1000) CHARACTER SET utf8 COLLATE utf8_bin NOT NULL,
  `ads_id` int(255) NOT NULL,
  `ads_address` varchar(1000) CHARACTER SET utf8 COLLATE utf8_bin NOT NULL,
  `customer_id` int(255) NOT NULL,
  `customer_name` varchar(1000) CHARACTER SET utf8 COLLATE utf8_bin NOT NULL,
  `customer_email` varchar(1000) CHARACTER SET utf8 COLLATE utf8_bin NOT NULL,
  PRIMARY KEY (`ID`)
) ENGINE=MyISAM AUTO_INCREMENT=9 DEFAULT CHARSET=latin1;
CREATE TABLE `advrtise` (
  `ID` bigint(255) NOT NULL AUTO_INCREMENT,
  `details` mediumtext COLLATE utf8_bin NOT NULL,
  PRIMARY KEY (`ID`)
) ENGINE=MyISAM AUTO_INCREMENT=2 DEFAULT CHARSET=utf8 COLLATE=utf8_bin;
INSERT INTO `advrtise` (`ID`, `details`) VALUES 
	(1, '<h2 dir=\"rtl\"><span style=\"font-size: medium;\"><strong>?????±???? ?????????????„ ?„?????‚ ?§?„?…???????…?„ ?‡?? ?????§?±?© ???† ?…???‚?? ?¬?§?‡?? ???…???®?µ?µ ???‰ ?§?„?§???„?§?†?§?? ?§?„?…???????© ?§?„?…?¬?§?†???© ???… ???µ?…???…?‡ ?????±?…?¬???‡ ?…?† ???±???© ?¬?±???† ?§?‰ ???‰ ?„?????†???„???¬???§ ?§?„?…???„???…?§??</strong></span></h2>\r\n<p dir=\"rtl\"><span style=\"font-size: medium;\"><strong>?„?·?„?? ?§?„?§?????±???? ???±?¬?‰ ?§?„?????§?µ?„ ?…???†?§ ???„?‰ ?§?„?§???…???„ ?§?„???§?„?‰</strong></span></p>\r\n<p dir=\"rtl\"><span style=\"font-size: medium;\"><strong>greeniteg@yahoo.com</strong></span></p>\r\n<p dir=\"rtl\"><span style=\"font-size: medium;\"><strong>?????±???? ?§???„?§?†?§?? , ?????±???? ?§?„?????„?§?†?§?? ?§?„?…???????© , ?????±???? ?????????????„ , ?????±???? ???‰ ?????????????„ , ?????±???? ?§???„?§?†?§?? ?…???????© , ?????±???? ?§???„?§?†?§?? ?…?¬?§?†???© , ?????±???? ?…???????© , ?????±???? ?????????????„ ?„?„?§???„?§?†?§?? , ?????±???? ?…???‚?? ?????????????„ , ?¬?±???† ?§?‰ ???‰</strong></span></p>');

CREATE TABLE `city` (
  `ID` bigint(255) NOT NULL AUTO_INCREMENT,
  `address` varchar(1000) COLLATE utf8_bin NOT NULL,
  `country_id` int(255) NOT NULL,
  `country_address` varchar(1000) COLLATE utf8_bin NOT NULL,
  `appearance` int(255) NOT NULL,
  PRIMARY KEY (`ID`)
) ENGINE=MyISAM AUTO_INCREMENT=101 DEFAULT CHARSET=utf8 COLLATE=utf8_bin;
INSERT INTO `city` (`ID`, `address`, `country_id`, `country_address`, `appearance`) VALUES 
	(1, '?§?„?‚?§?‡?±?©', 1, '?…?µ?±', 1)
	,(2, '?§?„???????†???±???©', 1, '?…?µ?±', 2)
	,(3, '?§?„?‚?„?????????©', 1, '?…?µ?±', 3)
	,(4, '?????± ????????', 1, '?…?µ?±', 4)
	,(5, '?§?„????????', 1, '?…?µ?±', 5)
	,(6, '?§?„?…?­?„?© ?§?„?????±?‰', 1, '?…?µ?±', 6)
	,(7, '?§?„?§?‚?µ?±', 1, '?…?µ?±', 7)
	,(8, '?§???????·', 1, '?…?µ?±', 8)
	,(9, '?§?„?…?†?µ???±?©', 1, '?…?µ?±', 9)
	,(10, '?·?†?·?§', 1, '?…?µ?±', 10)
	,(11, '?§?„???????…', 1, '?…?µ?±', 11)
	,(12, '?§?„???‚?§?????‚', 1, '?…?µ?±', 12)
	,(13, '?§?„?????…?§?????„???©', 1, '?…?µ?±', 13)
	,(14, '???…???§?·', 1, '?…?µ?±', 14)
	,(15, '?§?„?…?†???§', 1, '?…?µ?±', 15)
	,(18, '?§?„?±???§?¶', 2, '?§?„???????????©', 1)
	,(19, '?¬???©', 2, '?§?„???????????©', 3)
	,(20, '?…???©', 2, '?§?„???????????©', 2)
	,(21, '?§?„?…?????†?© ?§?„?…?†???±?©', 2, '?§?„???????????©', 4)
	,(22, '??????', 3, '?§?„?§?…?§?±?§??', 1)
	,(23, '?§?„???­???§??', 2, '?§?„???????????©', 5)
	,(24, '?§?„???…?§?…', 2, '?§?„???????????©', 6)
	,(25, '?…?­?§???„ ???????±', 2, '?§?„???????????©', 7)
	,(26, '?…?­?§?????© ?§?„?????§?¦??', 2, '?§?„???????????©', 8)
	,(27, '????????', 2, '?§?„???????????©', 9)
	,(28, '?§?„???§?±?‚?©', 3, '?§?„?§?…?§?±?§??', 2)
	,(29, '????????????', 3, '?§?„?§?…?§?±?§??', 3)
	,(34, '?????†', 4, '?§?„???…?†', 1)
	,(30, '???¬?…?§?†', 3, '?§?„?§?…?§?±?§??', 4)
	,(31, '???… ?§?„?‚???????†', 3, '?§?„?§?…?§?±?§??', 5)
	,(32, '?±???? ?§?„?®???…?©', 3, '?§?„?§?…?§?±?§??', 6)
	,(33, '?§?„???¬???±?©', 3, '?§?„?§?…?§?±?§??', 7)
	,(35, '???…?±?§?†', 4, '?§?„???…?†', 2)
	,(36, '???????†', 4, '?§?„???…?†', 3)
	,(37, '?§?„?¶?§?„??', 4, '?§?„???…?†', 4)
	,(38, '?§?„?????¶?§??', 4, '?§?„???…?†', 5)
	,(39, '?§?„?­???????©', 4, '?§?„???…?†', 6)
	,(40, '?§?„?¬????', 4, '?§?„???…?†', 7)
	,(41, '?§?„?…?‡?±?©', 4, '?§?„???…?†', 8)
	,(42, '?§?„?…?­??????', 4, '?§?„???…?†', 9)
	,(43, '?µ?????©', 4, '?§?„???…?†', 10)
	,(44, '?µ?†???§??', 4, '?§?„???…?†', 11)
	,(45, '?­?¶?±?…????', 4, '?§?„???…?†', 12)
	,(46, '???…?§?†', 5, '?§?„?§?±???†', 1)
	,(47, '?§?„???±?‚?§??', 5, '?§?„?§?±???†', 2)
	,(48, '???±????', 5, '?§?„?§?±???†', 3)
	,(56, '?§?„?¬???§?¦?±', 6, '?§?„?¬???§?¦?±', 1)
	,(50, '?¬?±??', 5, '?§?„?§?±???†', 4)
	,(51, '?§?„?·?????„?©', 5, '?§?„?§?±???†', 5)
	,(52, '???¬?„???†', 5, '?§?„?§?±???†', 6)
	,(53, '?§?„???‚???©', 5, '?§?„?§?±???†', 7)
	,(54, '?§?„???±??', 5, '?§?„?§?±???†', 8)
	,(55, '?…???§?†', 5, '?§?„?§?±???†', 9)
	,(57, '???‡?±?§?†', 6, '?§?„?¬???§?¦?±', 2)
	,(58, '?‚???†?·???†?©', 6, '?§?„?¬???§?¦?±', 3)
	,(59, '???†?§???©', 6, '?§?„?¬???§?¦?±', 4)
	,(60, '?‚?§?„?…?©', 6, '?§?„?¬???§?¦?±', 5)
	,(61, '?§?„???„?????©', 6, '?§?„?¬???§?¦?±', 6)
	,(62, '???·????', 6, '?§?„?¬???§?¦?±', 7)
	,(63, '???§???†?©', 6, '?§?„?¬???§?¦?±', 8)
	,(64, '?§?„?¬?„???©', 6, '?§?„?¬???§?¦?±', 9)
	,(65, '?§?„???§?± ?§?„?????¶?§??', 7, '?§?„?…???±??', 1)
	,(66, '?§?„?±???§?·', 7, '?§?„?…???±??', 2)
	,(67, '???§??', 7, '?§?„?…???±??', 3)
	,(68, '?…?±?§????', 7, '?§?„?…???±??', 4)
	,(69, '?????§?????±', 7, '?§?„?…???±??', 5)
	,(70, '?·?†?¬?©', 7, '?§?„?…???±??', 6)
	,(71, '?…???†?§??', 7, '?§?„?…???±??', 7)
	,(72, '???¬???©', 7, '?§?„?…???±??', 8)
	,(73, '?§?„?‚?†???·?±?©', 7, '?§?„?…???±??', 9)
	,(74, '?????†??', 8, '?????†??', 1)
	,(75, '???†???±??', 8, '?????†??', 2)
	,(76, '???±???§?†?©', 8, '?????†??', 3)
	,(77, '?…?†?????©', 8, '?????†??', 4)
	,(78, '???????©', 8, '?????†??', 5)
	,(79, '?§?„?‚???±???§?†', 8, '?????†??', 6)
	,(80, '?§?„?‚?µ?±???†', 8, '?????†??', 7)
	,(81, '?µ???§?‚??', 8, '?????†??', 8)
	,(82, '?§?„?…?‡?????©', 8, '?????†??', 9)
	,(83, '?§?„?®?±?·???…', 9, '?§?„???????§?†', 1)
	,(84, '?§?„?¬?????±?©', 9, '?§?„???????§?†', 2)
	,(85, '?†?‡?± ?§?„?†???„', 9, '?§?„???????§?†', 3)
	,(86, '?§?„???­?± ?§?„???­?…?±', 9, '?§?„???????§?†', 4)
	,(87, '?§?„?†???„ ?§?„???????¶', 9, '?§?„???????§?†', 5)
	,(88, '?§?„?†???„ ?§?„?????±?‚', 9, '?§?„???????§?†', 6)
	,(89, '???????§??', 10, '?§?„???±?§?‚', 1)
	,(90, '?§?„???µ?±?©', 10, '?§?„???±?§?‚', 2)
	,(91, '???±??????', 10, '?§?„???±?§?‚', 3)
	,(92, '?§?„?†?¬??', 10, '?§?„???±?§?‚', 4)
	,(93, '???§???„', 10, '?§?„???±?§?‚', 5)
	,(94, '?§?„?‚?§???????©', 10, '?§?„???±?§?‚', 6)
	,(95, '?…???‚?·', 11, '???…?§?†', 1)
	,(96, '?…???†???…', 11, '???…?§?†', 2)
	,(97, '?§?„?????·?‰', 11, '???…?§?†', 3)
	,(98, '?§?„???§?‡?±?©', 11, '???…?§?†', 4)
	,(99, '?????§?±', 11, '???…?§?†', 5)
	,(100, '?§?„???±???…??', 11, '???…?§?†', 6);

CREATE TABLE `contactus` (
  `ID` bigint(255) NOT NULL AUTO_INCREMENT,
  `details` mediumtext COLLATE utf8_bin NOT NULL,
  PRIMARY KEY (`ID`)
) ENGINE=MyISAM AUTO_INCREMENT=2 DEFAULT CHARSET=utf8 COLLATE=utf8_bin;
INSERT INTO `contactus` (`ID`, `details`) VALUES 
	(1, '<h2 dir=\"rtl\"><strong><span style=\"font-size: medium;\">?????±???? ?????????????„ ?„?????‚ ?§?„?…???????…?„ ?‡?? ?????§?±?© ???† ?…???‚?? ?¬?§?‡?? ???…???®?µ?µ ???‰ ?§?„?§???„?§?†?§?? ?§?„?…???????© ?§?„?…?¬?§?†???© ???… ???µ?…???…?‡ ?????±?…?¬???‡ ?…?† ???±???© ?¬?±???† ?§?‰ ???‰ ?„?????†???„???¬???§ ?§?„?…???„???…?§??</span></strong></h2>\r\n<p dir=\"rtl\"><strong><span style=\"font-size: medium;\">?„?·?„?? ?§?„?§?????±???? ???±?¬?‰ ?§?„?????§?µ?„ ?…???†?§ ???„?‰ ?§?„?§???…???„ ?§?„???§?„?‰</span></strong></p>\r\n<p dir=\"rtl\"><strong><span style=\"font-size: medium;\">greeniteg@yahoo.com</span></strong></p>\r\n<p dir=\"rtl\"><strong><span style=\"font-size: medium;\">?????±???? ?§???„?§?†?§?? , ?????±???? ?§?„?????„?§?†?§?? ?§?„?…???????© , ?????±???? ?????????????„ , ?????±???? ???‰ ?????????????„ , ?????±???? ?§???„?§?†?§?? ?…???????© , ?????±???? ?§???„?§?†?§?? ?…?¬?§?†???© , ?????±???? ?…???????© , ?????±???? ?????????????„ ?„?„?§???„?§?†?§?? , ?????±???? ?…???‚?? ?????????????„ , ?¬?±???† ?§?‰ ???‰ , ???±???© ?¬?±???† ?§?‰ ???‰ , greeniteg , green it egypt , greenitegypt</span></strong></p>');

CREATE TABLE `copyright` (
  `ID` bigint(255) NOT NULL AUTO_INCREMENT,
  `copyright` mediumtext CHARACTER SET utf8 COLLATE utf8_bin NOT NULL,
  PRIMARY KEY (`ID`)
) ENGINE=MyISAM AUTO_INCREMENT=2 DEFAULT CHARSET=utf8 COLLATE=utf8_unicode_ci;
INSERT INTO `copyright` (`ID`, `copyright`) VALUES 
	(1, '<p>\r\n<a href=\"http://greeniteg.net/index.php\" >\r\nPowerd By Green IT Egypt\r\n</a>\r\n</p>');

CREATE TABLE `countercode` (
  `ID` bigint(255) NOT NULL AUTO_INCREMENT,
  `code` varchar(10000) CHARACTER SET utf8 COLLATE utf8_bin NOT NULL,
  PRIMARY KEY (`ID`)
) ENGINE=MyISAM AUTO_INCREMENT=2 DEFAULT CHARSET=utf8 COLLATE=utf8_unicode_ci;
INSERT INTO `countercode` (`ID`, `code`) VALUES 
	(1, '<!-- hitwebcounter Code START -->\r\n<img src=\"http://hitwebcounter.com/counter/counter.php?page=5932304&style=0025&nbdigits=8&type=page&initCount=50000\" title=\"Tracking hits\" Alt=\"Tracking hits\"   border=\"0\" >\r\n<!-- hitwebcounter.com -->');

CREATE TABLE `country` (
  `ID` bigint(255) NOT NULL AUTO_INCREMENT,
  `address` varchar(1000) CHARACTER SET utf8 COLLATE utf8_bin NOT NULL,
  `appearance` int(255) NOT NULL,
  PRIMARY KEY (`ID`)
) ENGINE=MyISAM AUTO_INCREMENT=12 DEFAULT CHARSET=latin1;
INSERT INTO `country` (`ID`, `address`, `appearance`) VALUES 
	(1, '?…?µ?±', 1)
	,(2, '?§?„???????????©', 2)
	,(3, '?§?„?§?…?§?±?§??', 3)
	,(4, '?§?„???…?†', 4)
	,(5, '?§?„?§?±???†', 5)
	,(6, '?§?„?¬???§?¦?±', 6)
	,(7, '?§?„?…???±??', 7)
	,(8, '?????†??', 8)
	,(9, '?§?„???????§?†', 9)
	,(10, '?§?„???±?§?‚', 10);

CREATE TABLE `country_default` (
  `ID` bigint(255) NOT NULL AUTO_INCREMENT,
  `country_id` int(255) NOT NULL,
  `country_address` varchar(1000) CHARACTER SET utf8 COLLATE utf8_bin NOT NULL,
  PRIMARY KEY (`ID`)
) ENGINE=MyISAM AUTO_INCREMENT=3 DEFAULT CHARSET=utf8 COLLATE=utf8_unicode_ci;
INSERT INTO `country_default` (`ID`, `country_id`, `country_address`) VALUES 
	(1, 1, '?…?µ?±');

CREATE TABLE `currency` (
  `ID` bigint(255) NOT NULL AUTO_INCREMENT,
  `address` varchar(1000) CHARACTER SET utf8 COLLATE utf8_bin NOT NULL,
  `appearance` int(255) NOT NULL,
  PRIMARY KEY (`ID`)
) ENGINE=MyISAM AUTO_INCREMENT=14 DEFAULT CHARSET=latin1;
INSERT INTO `currency` (`ID`, `address`, `appearance`) VALUES 
	(1, '?¬?†???‡ ?…?µ?±?‰', 1)
	,(2, '?±???§?„ ?????????‰', 2)
	,(3, '?????„?§?± ?§?…?±?????‰', 3)
	,(4, '???±?‡?… ?§?…?§?±?§???‰', 4)
	,(5, '?±???§?„ ???…?†??', 5)
	,(6, '?????†?§?± ???±???†??', 6)
	,(7, '?????†?§?± ?¬???§?¦?±??', 7)
	,(8, '???±?‡?… ?…???±????', 8)
	,(9, '?????†?§?± ?????†????', 9)
	,(10, '?¬?†???‡ ???????§?†??', 10)
	,(11, '?????†?§?± ???±?§?‚??', 11)
	,(12, '?±???§?„ ???…?§?†??', 12)
	,(13, '?????±??', 13);

CREATE TABLE `customer` (
  `ID` bigint(255) NOT NULL AUTO_INCREMENT,
  `customer_name` varchar(1000) COLLATE utf8_bin NOT NULL,
  `customer_email` varchar(500) COLLATE utf8_bin NOT NULL,
  `customer_pass` varchar(500) COLLATE utf8_bin NOT NULL,
  `customer_mobile` varchar(500) COLLATE utf8_bin NOT NULL,
  `customer_tel` varchar(500) COLLATE utf8_bin NOT NULL,
  `status` varchar(1000) COLLATE utf8_bin NOT NULL,
  `city_id` int(255) NOT NULL,
  `city_address` varchar(1000) COLLATE utf8_bin NOT NULL,
  `country_id` int(255) NOT NULL,
  `country_address` varchar(1000) COLLATE utf8_bin NOT NULL,
  PRIMARY KEY (`ID`)
) ENGINE=MyISAM AUTO_INCREMENT=44 DEFAULT CHARSET=utf8 COLLATE=utf8_bin;
INSERT INTO `customer` (`ID`, `customer_name`, `customer_email`, `customer_pass`, `customer_mobile`, `customer_tel`, `status`, `city_id`, `city_address`, `country_id`, `country_address`) VALUES 
	(17, '?…?­?…?? ?????? ?§?„?????§?­', 'ray_m78@yahoo.com', 123456, 01227254046, 00000, '?…?????„', 2, '?§?„???????†???±???©', 1, '?…?µ?±')
	,(23, '?…?­?…?? ?????? ?§?„?????§?­', 'greeniteg@yahoo.com', 987, 0000000000, 00000, '?…?????„', 19, '?¬???©', 2, '?§?„???????????©')
	,(26, 'amir', 'hollowdragonz@yahoo.com', 1234567, 01223771474, 01223771474, '?§?†?????§?± ?§?„?????????„', 2, '?§?„???????†???±???©', 1, '?…?µ?±')
	,(27, 'daasd', 'asdasd@mail.com', 123, 2312, 414234234, '?§?†?????§?± ?§?„?????????„', 30, '???¬?…?§?†', 3, '?§?„?§?…?§?±?§??')
	,(28, '???„?§?? ???§?·??', 'a_saitara@yahoo.com', 102030, 01126135741, NULL, '?§?†?????§?± ?§?„?????????„', 12, '?§?„???‚?§?????‚', 1, '?…?µ?±')
	,(29, 'dfgdfgfdgf', 'fdsfdsfsfs@dgf.com', 'zaq123456789', 345345435435345345, 123345435345435, '?§?†?????§?± ?§?„?????????„', 15, '?§?„?…?†???§', 1, '?…?µ?±')
	,(30, '???„??', 'alialbatal@gmail.com', 0104454723, 0104454723, 025556969, '?§?†?????§?± ?§?„?????????„', 1, '?§?„?‚?§?‡?±?©', 1, '?…?µ?±')
	,(31, 'usama', 'usama.smsm@gmail.com', 'wwww1990', 01009240100, NULL, '?§?†?????§?± ?§?„?????????„', 8, '?§???????·', 1, '?…?µ?±')
	,(32, 'fghnjfgj', 'fgufgjhfg2@hmail.com', 123456789, 01065426549, 22453622, '?§?†?????§?± ?§?„?????????„', 1, '?§?„?‚?§?‡?±?©', 1, '?…?µ?±')
	,(33, 'ahmed4040', 'ebazoom@gmail.com', 123456789, 0106546429, 2245362, '?§?†?????§?± ?§?„?????????„', 9, '?§?„?…?†?µ???±?©', 1, '?…?µ?±')
	,(34, 'ali', 'xlllvb@gmail.com', 'aliioiil', +201128977988, 01288547524, '?§?†?????§?± ?§?„?????????„', 10, '?·?†?·?§', 1, '?…?µ?±')
	,(35, 'moataz', 'moataz_workshop@yahoo.com', 0105849345, 01006043541, NULL, '?§?†?????§?± ?§?„?????????„', 2, '?§?„???????†???±???©', 1, '?…?µ?±')
	,(36, 'peter', 'petermagdysalib@yahoo.com', 0129258052, 01229258052, 25258532, '?§?†?????§?± ?§?„?????????„', 1, '?§?„?‚?§?‡?±?©', 1, '?…?µ?±')
	,(37, 'enas.samy@totaltech.me', 'enas.samy@totaltech.me', 'enas99', 01011001032, NULL, '?§?†?????§?± ?§?„?????????„', 1, '?§?„?‚?§?‡?±?©', 1, '?…?µ?±')
	,(38, 'morcos', 'morcos_73@yahoo.com', 0122448710, 01222448710, 01222448710, '?…?????„', 1, '?§?„?‚?§?‡?±?©', 1, '?…?µ?±')
	,(39, 'akhbarelwataneg@gmail.com', 'akhbarelwataneg@gmail.com', 01121921263, 01121921263, NULL, '?§?†?????§?± ?§?„?????????„', 1, '?§?„?‚?§?‡?±?©', 1, '?…?µ?±')
	,(40, 'alkhaligalaraby@gmail.com', 'alkhaligalaraby@gmail.com', 123456789, 01021906467, NULL, '?§?†?????§?± ?§?„?????????„', 1, '?§?„?‚?§?‡?±?©', 1, '?…?µ?±')
	,(41, 'amin ', 'meeno_for_ever@hotmail.com', 08464085, 01005624524, 02334766069, '?§?†?????§?± ?§?„?????????„', 1, '?§?„?‚?§?‡?±?©', 1, '?…?µ?±')
	,(42, 'riham', 'riham_alshinawy@yahoo.com', '5431495riham', 01004365965, 5431495, '?§?†?????§?± ?§?„?????????„', 2, '?§?„???????†???±???©', 1, '?…?µ?±')
	,(43, 'asasasw', 'sdd@sdsad.com', 111111, 1111, 111111, '?…?????„', 11, '?§?„???????…', 1, '?…?µ?±');

CREATE TABLE `default_image` (
  `ID` bigint(255) NOT NULL AUTO_INCREMENT,
  `address` varchar(1000) CHARACTER SET utf8 COLLATE utf8_bin NOT NULL,
  `ImagePath` varchar(500) CHARACTER SET utf8 COLLATE utf8_bin NOT NULL,
  PRIMARY KEY (`ID`)
) ENGINE=MyISAM AUTO_INCREMENT=2 DEFAULT CHARSET=utf8 COLLATE=utf8_unicode_ci;
INSERT INTO `default_image` (`ID`, `address`, `ImagePath`) VALUES 
	(1, '?§?„?µ???±?© ?§?„?§?????±?§?¶???©', 'SiteImages/1_defaultimage.png');

CREATE TABLE `emiallist` (
  `ID` bigint(255) NOT NULL AUTO_INCREMENT,
  `email` varchar(500) COLLATE utf8_bin NOT NULL,
  PRIMARY KEY (`ID`)
) ENGINE=MyISAM AUTO_INCREMENT=6 DEFAULT CHARSET=utf8 COLLATE=utf8_bin;
INSERT INTO `emiallist` (`ID`, `email`) VALUES 
	(1, 'ray_m78@yahoo.com')
	,(2, 'greeniteg@yahoo.com');

CREATE TABLE `facebookcode` (
  `ID` bigint(255) NOT NULL AUTO_INCREMENT,
  `code` varchar(10000) CHARACTER SET utf8 COLLATE utf8_bin NOT NULL,
  PRIMARY KEY (`ID`)
) ENGINE=MyISAM AUTO_INCREMENT=2 DEFAULT CHARSET=utf8 COLLATE=utf8_unicode_ci;
INSERT INTO `facebookcode` (`ID`, `code`) VALUES 
	(1, '<iframe src=\"//www.facebook.com/plugins/likebox.php?href=https%3A%2F%2Fwww.facebook.com%2FGreenitegypt%3Fref%3Dbookmarks&amp;width=290&amp;height=258&amp;colorscheme=light&amp;show_faces=true&amp;header=false&amp;stream=false&amp;show_border=false\" scrolling=\"no\" frameborder=\"0\" style=\"border:none; overflow:hidden; width:290px; height:258px;\" allowTransparency=\"true\"></iframe>');

CREATE TABLE `faq` (
  `ID` bigint(255) NOT NULL AUTO_INCREMENT,
  `details` mediumtext CHARACTER SET utf8 COLLATE utf8_bin NOT NULL,
  PRIMARY KEY (`ID`)
) ENGINE=MyISAM AUTO_INCREMENT=2 DEFAULT CHARSET=utf8 COLLATE=utf8_unicode_ci;
INSERT INTO `faq` (`ID`, `details`) VALUES 
	(1, '<h2 dir=\"rtl\"><strong><span style=\"font-size: medium;\">?????±???? ?????????????„ ?„?????‚ ?§?„?…???????…?„ ?‡?? ?????§?±?© ???† ?…???‚?? ?¬?§?‡?? ???…???®?µ?µ ???‰ ?§?„?§???„?§?†?§?? ?§?„?…???????© ?§?„?…?¬?§?†???© ???… ???µ?…???…?‡ ?????±?…?¬???‡ ?…?† ???±???© ?¬?±???† ?§?‰ ???‰ ?„?????†???„???¬???§ ?§?„?…???„???…?§??</span></strong></h2>\r\n<p dir=\"rtl\"><strong><span style=\"font-size: medium;\">?„?·?„?? ?§?„?§?????±???? ???±?¬?‰ ?§?„?????§?µ?„ ?…???†?§ ???„?‰ ?§?„?§???…???„ ?§?„???§?„?‰</span></strong></p>\r\n<p dir=\"rtl\"><strong><span style=\"font-size: medium;\">greeniteg@yahoo.com</span></strong></p>\r\n<p dir=\"rtl\"><strong><span style=\"font-size: medium;\">?????±???? ?§???„?§?†?§?? , ?????±???? ?§?„?????„?§?†?§?? ?§?„?…???????© , ?????±???? ?????????????„ , ?????±???? ???‰ ?????????????„ , ?????±???? ?§???„?§?†?§?? ?…???????© , ?????±???? ?§???„?§?†?§?? ?…?¬?§?†???© , ?????±???? ?…???????© , ?????±???? ?????????????„ ?„?„?§???„?§?†?§?? , ?????±???? ?…???‚?? ?????????????„ , ?¬?±???† ?§?‰ ???‰ , ???±???© ?¬?±???† ?§?‰ ???‰ , greeniteg , green it egypt , greenitegypt</span></strong></p>');

CREATE TABLE `filed_category` (
  `ID` bigint(255) NOT NULL AUTO_INCREMENT,
  `address` varchar(1000) CHARACTER SET utf8 COLLATE utf8_bin NOT NULL,
  `cata_id` int(255) NOT NULL,
  `cata_address` varchar(1000) CHARACTER SET utf8 COLLATE utf8_bin NOT NULL,
  PRIMARY KEY (`ID`)
) ENGINE=MyISAM AUTO_INCREMENT=6 DEFAULT CHARSET=utf8 COLLATE=utf8_unicode_ci;
INSERT INTO `filed_category` (`ID`, `address`, `cata_id`, `cata_address`) VALUES 
	(1, '?§?„?…???§???© ?§?„?…?‚?·?????©', 20, '?????§?±?§??')
	,(2, '?§?„?„???† ?§?„?®?§?±?¬??', 20, '?????§?±?§??')
	,(3, '?§?„?…???§?­?©', 23, '???‚?§?± ?„?„??????')
	,(4, '?????? ???†???§?? ?§?„?®???±?©', 24, '?????§?¦??')
	,(5, '?§?„?…???§?­?©', 22, '???‚?§?± ?„?„?§???¬?§?±');

CREATE TABLE `logo` (
  `ID` bigint(255) NOT NULL AUTO_INCREMENT,
  `address` varchar(1000) CHARACTER SET utf8 COLLATE utf8_bin NOT NULL,
  `ImagePath` varchar(500) CHARACTER SET utf8 COLLATE utf8_bin NOT NULL,
  PRIMARY KEY (`ID`)
) ENGINE=MyISAM AUTO_INCREMENT=2 DEFAULT CHARSET=utf8 COLLATE=utf8_unicode_ci;
INSERT INTO `logo` (`ID`, `address`, `ImagePath`) VALUES 
	(1, '?????±???? ?????????????„', 'SiteImages/1_1_logo.png');

CREATE TABLE `logomobile` (
  `ID` bigint(255) NOT NULL AUTO_INCREMENT,
  `address` varchar(1000) CHARACTER SET utf8 COLLATE utf8_bin NOT NULL,
  `ImagePath` varchar(500) CHARACTER SET utf8 COLLATE utf8_bin NOT NULL,
  PRIMARY KEY (`ID`)
) ENGINE=MyISAM AUTO_INCREMENT=2 DEFAULT CHARSET=utf8 COLLATE=utf8_unicode_ci;
INSERT INTO `logomobile` (`ID`, `address`, `ImagePath`) VALUES 
	(1, '?????±???? ?????????????„', 'SiteImages/1_logo_white.png');

CREATE TABLE `newfiled` (
  `ID` bigint(255) NOT NULL AUTO_INCREMENT,
  `ads_id` int(255) NOT NULL,
  `filed_address` varchar(1000) CHARACTER SET utf8 COLLATE utf8_bin NOT NULL,
  `filed_value` varchar(1000) CHARACTER SET utf8 COLLATE utf8_bin NOT NULL,
  PRIMARY KEY (`ID`)
) ENGINE=MyISAM AUTO_INCREMENT=73 DEFAULT CHARSET=utf8 COLLATE=utf8_unicode_ci;
INSERT INTO `newfiled` (`ID`, `ads_id`, `filed_address`, `filed_value`) VALUES 
	(5, 62, '?§?„?…???§???© ?§?„?…?‚?·?????©', '150 ?????„?? ?…???±')
	,(3, 61, '?§?„?…???§???© ?§?„?…?‚?·?????©', 99999)
	,(4, 61, '?§?„?„???† ?§?„?®?§?±?¬??', 88888)
	,(6, 62, '?§?„?„???† ?§?„?®?§?±?¬??', '?§?­?…?±')
	,(7, 63, '?§?„?…???§???© ?§?„?…?‚?·?????©', 987)
	,(8, 63, '?§?„?„???† ?§?„?®?§?±?¬??', '?§?­?…?±')
	,(9, 65, '?§?„?…???§???© ?§?„?…?‚?·?????©', ' 200000 ???…')
	,(10, 65, '?§?„?„???† ?§?„?®?§?±?¬??', ' ???¶??')
	,(11, 66, '?§?„?…???§???© ?§?„?…?‚?·?????©', '155000 ???…')
	,(12, 66, '?§?„?„???† ?§?„?®?§?±?¬??', '?§?­?…?± ?…?????§?„????')
	,(13, 67, '?§?„?…???§???© ?§?„?…?‚?·?????©', '80000 ???…')
	,(14, 67, '?§?„?„???† ?§?„?®?§?±?¬??', '?§???±?‚')
	,(15, 68, '?§?„?…???§?­?©', 625)
	,(16, 69, '?§?„?…???§???© ?§?„?…?‚?·?????©', '4000 ???…')
	,(17, 69, '?§?„?„???† ?§?„?®?§?±?¬??', '?????¶?§??')
	,(18, 70, '?§?„?…???§???© ?§?„?…?‚?·?????©', '249000 ???…')
	,(19, 70, '?§?„?„???† ?§?„?®?§?±?¬??', '?§?????¶')
	,(20, 71, '?§?„?…???§???© ?§?„?…?‚?·?????©', '33000 ???…')
	,(21, 71, '?§?„?„???† ?§?„?®?§?±?¬??', '?§?????? ?…?„?????‰')
	,(22, 72, '?§?„?…???§?­?©', '150 ?…???±')
	,(23, 73, '?§?„?…???§?­?©', 600)
	,(24, 74, '?§?„?…???§???© ?§?„?…?‚?·?????©', ' 225000 ???…')
	,(25, 74, '?§?„?„???† ?§?„?®?§?±?¬??', '???????¶')
	,(26, 75, '?§?„?…???§???© ?§?„?…?‚?·?????©', '147000 ???…')
	,(27, 75, '?§?„?„???† ?§?„?®?§?±?¬??', '?§?®?¶?± ?„?¤?„?¤??')
	,(28, 76, '?§?„?…???§???© ?§?„?…?‚?·?????©', '157000 ???…')
	,(29, 76, '?§?„?„???† ?§?„?®?§?±?¬??', '?§?????¶')
	,(30, 77, '?§?„?…???§?­?©', '400 ?…')
	,(31, 78, '?§?„?…???§?­?©', '90 ?… ')
	,(32, 79, '?§?„?…???§?­?©', '5 ?????§?†')
	,(33, 80, '?§?„?…???§?­?©', '150 ?…')
	,(34, 81, '?§?„?…???§?­?©', '450 ?…???±')
	,(35, 82, '?§?„?…???§?­?©', '140 ?…???±')
	,(36, 86, '?§?„?…???§?­?©', '117 ?…???±')
	,(37, 87, '?§?„?…???§?­?©', '50 ?…???±')
	,(38, 88, '?§?„?…???§?­?©', '1600 ?…???±')
	,(39, 89, '?§?„?…???§?­?©', '1300 ?…???±')
	,(40, 90, '?§?„?…???§?­?©', '794 ?…???±')
	,(41, 90, '?§?„?…???§?­?©', '971 ?…???±')
	,(42, 90, '?§?„?…???§?­?©', '515 ?…???±')
	,(43, 91, '?§?„?…???§?­?©', '515 ?…???±')
	,(44, 92, '?§?„?…???§?­?©', '142 ?…???±')
	,(45, 93, '?§?„?…???§?­?©', '140 ?…???±')
	,(46, 94, '?§?„?…???§?­?©', '196 ?…???±')
	,(47, 95, '?§?„?…???§?­?©', '74 ?…???±')
	,(48, 96, '?§?„?…???§?­?©', '150 ?…???±')
	,(49, 97, '?§?„?…???§?­?©', '794 ?…???±')
	,(50, 98, '?§?„?…???§???© ?§?„?…?‚?·?????©', '260000 ???…')
	,(51, 98, '?§?„?„???† ?§?„?®?§?±?¬??', '?°?‡????')
	,(52, 99, '?§?„?…???§???© ?§?„?…?‚?·?????©', ' 225000 ???…')
	,(53, 99, '?§?„?„???† ?§?„?®?§?±?¬??', ' ???¶??')
	,(54, 100, '?§?„?…???§???© ?§?„?…?‚?·?????©', '241000 ???…')
	,(55, 100, '?§?„?„???† ?§?„?®?§?±?¬??', ' ???¶??')
	,(56, 132, '?§?„?…???§???© ?§?„?…?‚?·?????©', ' 225000 ???…')
	,(57, 132, '?§?„?„???† ?§?„?®?§?±?¬??', '???????¶')
	,(58, 133, '?§?„?…???§???© ?§?„?…?‚?·?????©', ' 225000 ???…')
	,(59, 133, '?§?„?„???† ?§?„?®?§?±?¬??', '???????¶')
	,(60, 134, '?§?„?…???§???© ?§?„?…?‚?·?????©', ' 225000 ???…')
	,(61, 134, '?§?„?„???† ?§?„?®?§?±?¬??', '???????¶')
	,(62, 135, '?§?„?…???§???© ?§?„?…?‚?·?????©', ' 225000 ???…')
	,(63, 135, '?§?„?„???† ?§?„?®?§?±?¬??', '???????¶')
	,(64, 137, '?§?„?…???§?­?©', '120?…')
	,(65, 138, '?§?„?…???§???© ?§?„?…?‚?·?????©', 2000)
	,(66, 138, '?§?„?„???† ?§?„?®?§?±?¬??', 'dd')
	,(67, 141, '?§?„?…???§?­?©', 2000)
	,(68, 142, '?§?„?…???§???© ?§?„?…?‚?·?????©', 'zrtzer')
	,(69, 142, '?§?„?„???† ?§?„?®?§?±?¬??', 'rgeg')
	,(70, 144, '?§?„?…???§???© ?§?„?…?‚?·?????©', 3)
	,(71, 144, '?§?„?„???† ?§?„?®?§?±?¬??', '?§')
	,(72, 145, '?§?„?…???§?­?©', 234);

CREATE TABLE `newpage` (
  `ID` bigint(255) NOT NULL AUTO_INCREMENT,
  `address` varchar(1000) CHARACTER SET utf8 COLLATE utf8_bin NOT NULL,
  `details` mediumtext CHARACTER SET utf8 COLLATE utf8_bin NOT NULL,
  PRIMARY KEY (`ID`)
) ENGINE=MyISAM AUTO_INCREMENT=8 DEFAULT CHARSET=utf8 COLLATE=utf8_unicode_ci;
INSERT INTO `newpage` (`ID`, `address`, `details`) VALUES 
	(1, '?µ???­?© ?¬???????‡ 1', '<h2 dir=\"rtl\"><strong><span style=\"font-size: medium;\">?????±???? ?????????????„ ?„?????‚ ?§?„?…???????…?„ ?‡?? ?????§?±?© ???† ?…???‚?? ?¬?§?‡?? ???…???®?µ?µ ???‰ ?§?„?§???„?§?†?§?? ?§?„?…???????© ?§?„?…?¬?§?†???© ???… ???µ?…???…?‡ ?????±?…?¬???‡ ?…?† ???±???© ?¬?±???† ?§?‰ ???‰ ?„?????†???„???¬???§ ?§?„?…???„???…?§??</span></strong></h2>\r\n<p dir=\"rtl\"><strong><span style=\"font-size: medium;\">?„?·?„?? ?§?„?§?????±???? ???±?¬?‰ ?§?„?????§?µ?„ ?…???†?§ ???„?‰ ?§?„?§???…???„ ?§?„???§?„?‰</span></strong></p>\r\n<p dir=\"rtl\"><strong><span style=\"font-size: medium;\">greeniteg@yahoo.com</span></strong></p>\r\n<p dir=\"rtl\"><strong><span style=\"font-size: medium;\">?????±???? ?§???„?§?†?§?? , ?????±???? ?§?„?????„?§?†?§?? ?§?„?…???????© , ?????±???? ?????????????„ , ?????±???? ???‰ ?????????????„ , ?????±???? ?§???„?§?†?§?? ?…???????© , ?????±???? ?§???„?§?†?§?? ?…?¬?§?†???© , ?????±???? ?…???????© , ?????±???? ?????????????„ ?„?„?§???„?§?†?§?? , ?????±???? ?…???‚?? ?????????????„ , ?¬?±???† ?§?‰ ???‰ , ???±???© ?¬?±???† ?§?‰ ???‰ , greeniteg , green it egypt , greenitegypt</span></strong></p>')
	,(2, '?µ???­?© ?¬???????‡ 2', '<h2 dir=\"rtl\"><strong><span style=\"font-size: medium;\">?????±???? ?????????????„ ?„?????‚ ?§?„?…???????…?„ ?‡?? ?????§?±?© ???† ?…???‚?? ?¬?§?‡?? ???…???®?µ?µ ???‰ ?§?„?§???„?§?†?§?? ?§?„?…???????© ?§?„?…?¬?§?†???© ???… ???µ?…???…?‡ ?????±?…?¬???‡ ?…?† ???±???© ?¬?±???† ?§?‰ ???‰ ?„?????†???„???¬???§ ?§?„?…???„???…?§??</span></strong></h2>\r\n<p dir=\"rtl\"><strong><span style=\"font-size: medium;\">?„?·?„?? ?§?„?§?????±???? ???±?¬?‰ ?§?„?????§?µ?„ ?…???†?§ ???„?‰ ?§?„?§???…???„ ?§?„???§?„?‰</span></strong></p>\r\n<p dir=\"rtl\"><strong><span style=\"font-size: medium;\">greeniteg@yahoo.com</span></strong></p>\r\n<p dir=\"rtl\"><strong><span style=\"font-size: medium;\">?????±???? ?§???„?§?†?§?? , ?????±???? ?§?„?????„?§?†?§?? ?§?„?…???????© , ?????±???? ?????????????„ , ?????±???? ???‰ ?????????????„ , ?????±???? ?§???„?§?†?§?? ?…???????© , ?????±???? ?§???„?§?†?§?? ?…?¬?§?†???© , ?????±???? ?…???????© , ?????±???? ?????????????„ ?„?„?§???„?§?†?§?? , ?????±???? ?…???‚?? ?????????????„ , ?¬?±???† ?§?‰ ???‰ , ???±???© ?¬?±???† ?§?‰ ???‰ , greeniteg , green it egypt , greenitegypt</span></strong></p>')
	,(3, '?µ???­?© ?¬???????‡ 3', '<h2 dir=\"rtl\"><strong><span style=\"font-size: medium;\">?????±???? ?????????????„ ?„?????‚ ?§?„?…???????…?„ ?‡?? ?????§?±?© ???† ?…???‚?? ?¬?§?‡?? ???…???®?µ?µ ???‰ ?§?„?§???„?§?†?§?? ?§?„?…???????© ?§?„?…?¬?§?†???© ???… ???µ?…???…?‡ ?????±?…?¬???‡ ?…?† ???±???© ?¬?±???† ?§?‰ ???‰ ?„?????†???„???¬???§ ?§?„?…???„???…?§??</span></strong></h2>\r\n<p dir=\"rtl\"><strong><span style=\"font-size: medium;\">?„?·?„?? ?§?„?§?????±???? ???±?¬?‰ ?§?„?????§?µ?„ ?…???†?§ ???„?‰ ?§?„?§???…???„ ?§?„???§?„?‰</span></strong></p>\r\n<p dir=\"rtl\"><strong><span style=\"font-size: medium;\">greeniteg@yahoo.com</span></strong></p>\r\n<p dir=\"rtl\"><strong><span style=\"font-size: medium;\">?????±???? ?§???„?§?†?§?? , ?????±???? ?§?„?????„?§?†?§?? ?§?„?…???????© , ?????±???? ?????????????„ , ?????±???? ???‰ ?????????????„ , ?????±???? ?§???„?§?†?§?? ?…???????© , ?????±???? ?§???„?§?†?§?? ?…?¬?§?†???© , ?????±???? ?…???????© , ?????±???? ?????????????„ ?„?„?§???„?§?†?§?? , ?????±???? ?…???‚?? ?????????????„ , ?¬?±???† ?§?‰ ???‰ , ???±???© ?¬?±???† ?§?‰ ???‰ , greeniteg , green it egypt , greenitegypt</span></strong></p>')
	,(4, '?µ???­?© ?¬???????‡ 4', '<h2 dir=\"rtl\"><strong><span style=\"font-size: medium;\">?????±???? ?????????????„ ?„?????‚ ?§?„?…???????…?„ ?‡?? ?????§?±?© ???† ?…???‚?? ?¬?§?‡?? ???…???®?µ?µ ???‰ ?§?„?§???„?§?†?§?? ?§?„?…???????© ?§?„?…?¬?§?†???© ???… ???µ?…???…?‡ ?????±?…?¬???‡ ?…?† ???±???© ?¬?±???† ?§?‰ ???‰ ?„?????†???„???¬???§ ?§?„?…???„???…?§??</span></strong></h2>\r\n<p dir=\"rtl\"><strong><span style=\"font-size: medium;\">?„?·?„?? ?§?„?§?????±???? ???±?¬?‰ ?§?„?????§?µ?„ ?…???†?§ ???„?‰ ?§?„?§???…???„ ?§?„???§?„?‰</span></strong></p>\r\n<p dir=\"rtl\"><strong><span style=\"font-size: medium;\">greeniteg@yahoo.com</span></strong></p>\r\n<p dir=\"rtl\"><strong><span style=\"font-size: medium;\">?????±???? ?§???„?§?†?§?? , ?????±???? ?§?„?????„?§?†?§?? ?§?„?…???????© , ?????±???? ?????????????„ , ?????±???? ???‰ ?????????????„ , ?????±???? ?§???„?§?†?§?? ?…???????© , ?????±???? ?§???„?§?†?§?? ?…?¬?§?†???© , ?????±???? ?…???????© , ?????±???? ?????????????„ ?„?„?§???„?§?†?§?? , ?????±???? ?…???‚?? ?????????????„ , ?¬?±???† ?§?‰ ???‰ , ???±???© ?¬?±???† ?§?‰ ???‰ , greeniteg , green it egypt , greenitegypt</span></strong></p>')
	,(5, '?µ???­?© ?¬???????‡ 5', '<h2 dir=\"rtl\"><strong><span style=\"font-size: medium;\">?????±???? ?????????????„ ?„?????‚ ?§?„?…???????…?„ ?‡?? ?????§?±?© ???† ?…???‚?? ?¬?§?‡?? ???…???®?µ?µ ???‰ ?§?„?§???„?§?†?§?? ?§?„?…???????© ?§?„?…?¬?§?†???© ???… ???µ?…???…?‡ ?????±?…?¬???‡ ?…?† ???±???© ?¬?±???† ?§?‰ ???‰ ?„?????†???„???¬???§ ?§?„?…???„???…?§??</span></strong></h2>\r\n<p dir=\"rtl\"><strong><span style=\"font-size: medium;\">?„?·?„?? ?§?„?§?????±???? ???±?¬?‰ ?§?„?????§?µ?„ ?…???†?§ ???„?‰ ?§?„?§???…???„ ?§?„???§?„?‰</span></strong></p>\r\n<p dir=\"rtl\"><strong><span style=\"font-size: medium;\">greeniteg@yahoo.com</span></strong></p>\r\n<p dir=\"rtl\"><strong><span style=\"font-size: medium;\">?????±???? ?§???„?§?†?§?? , ?????±???? ?§?„?????„?§?†?§?? ?§?„?…???????© , ?????±???? ?????????????„ , ?????±???? ???‰ ?????????????„ , ?????±???? ?§???„?§?†?§?? ?…???????© , ?????±???? ?§???„?§?†?§?? ?…?¬?§?†???© , ?????±???? ?…???????© , ?????±???? ?????????????„ ?„?„?§???„?§?†?§?? , ?????±???? ?…???‚?? ?????????????„ , ?¬?±???† ?§?‰ ???‰ , ???±???© ?¬?±???† ?§?‰ ???‰ , greeniteg , green it egypt , greenitegypt</span></strong></p>');

CREATE TABLE `objective` (
  `ID` bigint(255) NOT NULL AUTO_INCREMENT,
  `address` varchar(1000) COLLATE utf8_bin NOT NULL,
  `appearance` int(255) NOT NULL,
  PRIMARY KEY (`ID`)
) ENGINE=MyISAM AUTO_INCREMENT=4 DEFAULT CHARSET=utf8 COLLATE=utf8_bin;
INSERT INTO `objective` (`ID`, `address`, `appearance`) VALUES 
	(1, '?…???±???¶ (?„?„??????)', 1)
	,(2, '?…?·?„???? (?„?„???±?§??)', 2);

CREATE TABLE `otherlink` (
  `ID` bigint(255) NOT NULL AUTO_INCREMENT,
  `facebook` varchar(500) COLLATE utf8_bin NOT NULL,
  `twitter` varchar(500) COLLATE utf8_bin NOT NULL,
  `youtub` varchar(500) COLLATE utf8_bin NOT NULL,
  PRIMARY KEY (`ID`)
) ENGINE=MyISAM AUTO_INCREMENT=2 DEFAULT CHARSET=utf8 COLLATE=utf8_bin;
INSERT INTO `otherlink` (`ID`, `facebook`, `twitter`, `youtub`) VALUES 
	(1, '#', '#', '#');

CREATE TABLE `policy` (
  `ID` bigint(255) NOT NULL AUTO_INCREMENT,
  `details` mediumtext COLLATE utf8_bin NOT NULL,
  PRIMARY KEY (`ID`)
) ENGINE=MyISAM AUTO_INCREMENT=2 DEFAULT CHARSET=utf8 COLLATE=utf8_bin;
INSERT INTO `policy` (`ID`, `details`) VALUES 
	(1, '<h2 dir=\"rtl\"><strong><span style=\"font-size: medium;\">?????±???? ?????????????„ ?„?????‚ ?§?„?…???????…?„ ?‡?? ?????§?±?© ???† ?…???‚?? ?¬?§?‡?? ???…???®?µ?µ ???‰ ?§?„?§???„?§?†?§?? ?§?„?…???????© ?§?„?…?¬?§?†???© ???… ???µ?…???…?‡ ?????±?…?¬???‡ ?…?† ???±???© ?¬?±???† ?§?‰ ???‰ ?„?????†???„???¬???§ ?§?„?…???„???…?§??</span></strong></h2>\r\n<p dir=\"rtl\"><strong><span style=\"font-size: medium;\">?„?·?„?? ?§?„?§?????±???? ???±?¬?‰ ?§?„?????§?µ?„ ?…???†?§ ???„?‰ ?§?„?§???…???„ ?§?„???§?„?‰</span></strong></p>\r\n<p dir=\"rtl\"><strong><span style=\"font-size: medium;\">greeniteg@yahoo.com</span></strong></p>\r\n<p dir=\"rtl\"><strong><span style=\"font-size: medium;\">?????±???? ?§???„?§?†?§?? , ?????±???? ?§?„?????„?§?†?§?? ?§?„?…???????© , ?????±???? ?????????????„ , ?????±???? ???‰ ?????????????„ , ?????±???? ?§???„?§?†?§?? ?…???????© , ?????±???? ?§???„?§?†?§?? ?…?¬?§?†???© , ?????±???? ?…???????© , ?????±???? ?????????????„ ?„?„?§???„?§?†?§?? , ?????±???? ?…???‚?? ?????????????„ , ?¬?±???† ?§?‰ ???‰ , ???±???© ?¬?±???† ?§?‰ ???‰ , greeniteg , green it egypt , greenitegypt</span></strong></p>');

CREATE TABLE `rouls` (
  `ID` bigint(255) NOT NULL AUTO_INCREMENT,
  `details` mediumtext COLLATE utf8_bin NOT NULL,
  PRIMARY KEY (`ID`)
) ENGINE=MyISAM AUTO_INCREMENT=2 DEFAULT CHARSET=utf8 COLLATE=utf8_bin;
INSERT INTO `rouls` (`ID`, `details`) VALUES 
	(1, '<h2 dir=\"rtl\"><strong><span style=\"font-size: medium;\">?????±???? ?????????????„ ?„?????‚ ?§?„?…???????…?„ ?‡?? ?????§?±?© ???† ?…???‚?? ?¬?§?‡?? ???…???®?µ?µ ???‰ ?§?„?§???„?§?†?§?? ?§?„?…???????© ?§?„?…?¬?§?†???© ???… ???µ?…???…?‡ ?????±?…?¬???‡ ?…?† ???±???© ?¬?±???† ?§?‰ ???‰ ?„?????†???„???¬???§ ?§?„?…???„???…?§??</span></strong></h2>\r\n<p dir=\"rtl\"><strong><span style=\"font-size: medium;\">?„?·?„?? ?§?„?§?????±???? ???±?¬?‰ ?§?„?????§?µ?„ ?…???†?§ ???„?‰ ?§?„?§???…???„ ?§?„???§?„?‰</span></strong></p>\r\n<p dir=\"rtl\"><strong><span style=\"font-size: medium;\">greeniteg@yahoo.com</span></strong></p>\r\n<p dir=\"rtl\"><strong><span style=\"font-size: medium;\">?????±???? ?§???„?§?†?§?? , ?????±???? ?§?„?????„?§?†?§?? ?§?„?…???????© , ?????±???? ?????????????„ , ?????±???? ???‰ ?????????????„ , ?????±???? ?§???„?§?†?§?? ?…???????© , ?????±???? ?§???„?§?†?§?? ?…?¬?§?†???© , ?????±???? ?…???????© , ?????±???? ?????????????„ ?„?„?§???„?§?†?§?? , ?????±???? ?…???‚?? ?????????????„ , ?¬?±???† ?§?‰ ???‰ , ???±???© ?¬?±???† ?§?‰ ???‰ , greeniteg , green it egypt , greenitegypt</span></strong></p>');

CREATE TABLE `sendmesage` (
  `ID` bigint(255) NOT NULL AUTO_INCREMENT,
  `address` varchar(1000) COLLATE utf8_bin NOT NULL,
  `details` mediumtext COLLATE utf8_bin NOT NULL,
  PRIMARY KEY (`ID`)
) ENGINE=MyISAM AUTO_INCREMENT=7 DEFAULT CHARSET=utf8 COLLATE=utf8_bin;
INSERT INTO `sendmesage` (`ID`, `address`, `details`) VALUES 
	(3, '?§?„???„?§?… ???„?????…', '<p style=\"text-align: right;\">?§?„???„?§?… ???„?????…</p>');

CREATE TABLE `site_counter` (
  `ID` bigint(255) NOT NULL AUTO_INCREMENT,
  `counter` int(255) NOT NULL,
  PRIMARY KEY (`ID`)
) ENGINE=MyISAM AUTO_INCREMENT=2 DEFAULT CHARSET=utf8 COLLATE=utf8_unicode_ci;
INSERT INTO `site_counter` (`ID`, `counter`) VALUES 
	(1, 18666);

CREATE TABLE `site_sitting` (
  `ID` bigint(255) NOT NULL AUTO_INCREMENT,
  `sitename` varchar(500) COLLATE utf8_bin NOT NULL,
  `email` varchar(500) COLLATE utf8_bin NOT NULL,
  `meta` varchar(3000) COLLATE utf8_bin NOT NULL,
  `descrip` varchar(5000) COLLATE utf8_bin NOT NULL,
  `link` varchar(3000) COLLATE utf8_bin NOT NULL,
  `other_email` varchar(1000) COLLATE utf8_bin NOT NULL,
  PRIMARY KEY (`ID`)
) ENGINE=MyISAM AUTO_INCREMENT=2 DEFAULT CHARSET=utf8 COLLATE=utf8_bin;
INSERT INTO `site_sitting` (`ID`, `sitename`, `email`, `meta`, `descrip`, `link`, `other_email`) VALUES 
	(1, '?????±???? ?????????????„ ?„?????‚ ?§?„?…???????…?„', 'greeniteg@yahoo.com', '?????±???? ?§???„?§?†?§?? , ?????±???? ?§?„?????„?§?†?§?? ?§?„?…???????© , ?????±???? ?????????????„ ?„?????‚ ?§?„?…???????…?„  , ?????±???? ???‰ ?????????????„ , ?????±???? ?§???„?§?†?§?? ?…???????© , ?????±???? ?§???„?§?†?§?? ?…?¬?§?†???© , ?????±???? ?…???????© , ?????±???? ?????????????„ , ?????±???? ?…???‚?? ?????????????„ , ?¬?±???† ?§?‰ ???‰ , ???±???© ?¬?±???† ?§?‰ ???‰ , greeniteg ,  green it egypt , greenitegypt', '?????±???? ?????????????„ ?„?????‚ ?§?„?…???????…?„ ?‡?? ?????§?±?© ???† ?…???‚?? ?¬?§?‡?? ???…???®?µ?µ ???‰ ?§?„?§???„?§?†?§?? ?§?„?…???????© ?§?„?…?¬?§?†???©  ???… ???µ?…???…?‡ ?????±?…?¬???‡ ?…?† ???±???© ?¬?±???† ?§?‰ ???‰ ?„?????†???„???¬???§ ?§?„?…???„???…?§??', 'http://www.http://greenitegypt.net/work_test/dubizzle', 'info@greeniteg.net');

CREATE TABLE `siteicon` (
  `ID` bigint(255) NOT NULL AUTO_INCREMENT,
  `address` varchar(1000) CHARACTER SET utf8 COLLATE utf8_bin NOT NULL,
  `ImagePath` varchar(500) CHARACTER SET utf8 COLLATE utf8_bin NOT NULL,
  PRIMARY KEY (`ID`)
) ENGINE=MyISAM AUTO_INCREMENT=2 DEFAULT CHARSET=utf8 COLLATE=utf8_unicode_ci;
INSERT INTO `siteicon` (`ID`, `address`, `ImagePath`) VALUES 
	(1, '?????±???? ?????????????„', 'SiteImages/1_1458604330_28_amazon.png');

CREATE TABLE `tips_address` (
  `ID` bigint(255) NOT NULL AUTO_INCREMENT,
  `address` varchar(1000) CHARACTER SET utf8 COLLATE utf8_bin NOT NULL,
  PRIMARY KEY (`ID`)
) ENGINE=MyISAM AUTO_INCREMENT=2 DEFAULT CHARSET=utf8 COLLATE=utf8_unicode_ci;
INSERT INTO `tips_address` (`ID`, `address`) VALUES 
	(1, '?…???„???…?§?? \"???? ?§?„???±????\" ???„???§?† ?????‚?‰ ?µ?§?­?? ???…???‚???‚');

CREATE TABLE `tips_details` (
  `ID` bigint(255) NOT NULL AUTO_INCREMENT,
  `address` varchar(1000) COLLATE utf8_bin NOT NULL,
  `appearance` int(255) NOT NULL,
  PRIMARY KEY (`ID`)
) ENGINE=MyISAM AUTO_INCREMENT=5 DEFAULT CHARSET=utf8 COLLATE=utf8_bin;
INSERT INTO `tips_details` (`ID`, `address`, `appearance`) VALUES 
	(1, '?„?§ ???????§?±?? ?…???„???…?§???? ?§?„???†?????© ???? ?§?„?…?§?„???© ?…?? ???? ???®?µ ?????±???? ???„???‡ ???† ?·?±???‚ ?§?„???†???±?†?? (?„?§ ???±???„ ???????§?? ???? ???????© ?…?§?„???© ?…?‚???…?© ???„?§ ???? ???? ?…?«?„?‡)', 1)
	,(2, '?„???† ?§?„?­?°?± ???§?¬???? ?„?§ ???????? ???? ???????±?? ???? ?????? ???????† ?„?‚?§?? ?§?„?·?±?? ?§?„?«?§?†?? ???®?µ???§?‹.', 2)
	,(3, '?§???­?µ ?§?„???±?¶ ?§?„?°?? ???±???? ???±?§?¤?‡ ?????????¶?„ ?·?„?? ?§?„?…???§?????© ?…?† ?µ?????‚ ???†???‡ ?®???±?© ???§?„?…???¶????.', 3)
	,(4, '?§?†?????‡ ?…?† ?§?„???‚???? ???? ???® ?±???§?¦?„ ?§?„?†?µ?? ?§?„?????§?… ?????§?????†?§ ???† ?·?±???‚ ?§?„?????„?§?? ???†?‡?§.', 4);

CREATE TABLE `word_buttom` (
  `ID` bigint(255) NOT NULL AUTO_INCREMENT,
  `address` varchar(1000) CHARACTER SET utf8 COLLATE utf8_bin NOT NULL,
  PRIMARY KEY (`ID`)
) ENGINE=MyISAM AUTO_INCREMENT=2 DEFAULT CHARSET=utf8 COLLATE=utf8_unicode_ci;
INSERT INTO `word_buttom` (`ID`, `address`) VALUES 
	(1, '?????? ?§?‰ ?­?§?¬?‡ ???„?‰  ?????????????„');

CREATE TABLE `word_index` (
  `ID` bigint(255) NOT NULL AUTO_INCREMENT,
  `address` varchar(1000) CHARACTER SET utf8 COLLATE utf8_bin NOT NULL,
  PRIMARY KEY (`ID`)
) ENGINE=MyISAM AUTO_INCREMENT=2 DEFAULT CHARSET=utf8 COLLATE=utf8_unicode_ci;
INSERT INTO `word_index` (`ID`, `address`) VALUES 
	(1, '?????±???? ???????????„ ???????± ?…???‚?? ?„?????‚ ?§?„?…???????…?„');

